bfs_id,municipalityLabel,lat,lon
1,Aeugst am Albis,47.2675,8.4852777777778
10,Obfelden,47.263888888889,8.4241666666667
100,Stadel bei Niederglatt,47.529444444444,8.4663888888889
1001,Doppleschwand,47.018333333333,8.0552777777778
1002,Entlebuch,46.992777777778,8.0630555555556
1004,Flühli,46.883055555556,8.0163888888889
1005,Hasle,46.978333333333,8.0466666666667
1007,Romoos,47.010277777778,8.0269444444444
1008,Schüpfheim,46.95,8.015
1009,Werthenstein,47.056111111111,8.1016666666667
101,Steinmaur,47.494166666667,8.4477777777778
1010,Escholzmatt-Marbach,46.916666666667,7.9333333333333
102,Weiach,47.558055555556,8.4375
1021,Aesch,47.254722222222,8.2413888888889
1023,Ballwil,47.149722222222,8.3163888888889
1024,Emmen,47.077222222222,8.3
1024,Emmen,47.077222222222,8.3
1025,Ermensee,47.233055555556,8.2333333333333
1026,Eschenbach,47.132777777778,8.3197222222222
1030,Hitzkirch,47.225,8.2622222222222
1031,Hochdorf,47.166388888889,8.2888888888889
1032,Hohenrain,47.180833333333,8.3177777777778
1033,Inwil,47.121944444444,8.3497222222222
1037,Rain,47.130833333333,8.2575
1039,Römerswil,47.169444444444,8.2447222222222
1040,Rothenburg,47.093888888889,8.2716666666667
1041,Schongau,47.267222222222,8.2580555555556
1051,Adligenswil,47.070555555556,8.365
1052,Buchrain,47.095277777778,8.3475
1053,Dierikon,47.096944444444,8.3713888888889
1054,Ebikon,47.083888888889,8.3430555555556
1054,Ebikon,47.083888888889,8.3430555555556
1055,Gisikon,47.123888888889,8.3980555555556
1056,Greppen,47.055,8.4294444444444
1057,Honau,47.133055555556,8.4061111111111
1058,Horw,47.016388888889,8.3111111111111
1058,Horw,47.016388888889,8.3111111111111
1059,Kriens,47.034444444444,8.28
1059,Kriens,47.034444444444,8.28
1061,Lucerne,47.0523,8.3059
1061,Lucerne,47.0523,8.3059
1062,Malters,47.036944444444,8.1830555555556
1063,Meggen,47.046388888889,8.3744444444444
1064,Meierskappel,47.125555555556,8.4441666666667
1065,Root,47.115833333333,8.3913888888889
1066,Schwarzenberg,47.014166666667,8.1733333333333
1067,Udligenswil,47.090555555556,8.4005555555556
1068,Vitznau,47.01014,8.4842
1069,Weggis,47.032222222222,8.4383333333333
1081,Beromünster,47.199722222222,8.2
1082,Büron,47.213333333333,8.0947222222222
1083,Buttisholz,47.113611111111,8.0944444444444
1084,Eich,47.150555555556,8.1677777777778
1085,Geuensee,47.199722222222,8.1069444444444
1086,Grosswangen,47.133055555556,8.05
1088,Hildisrieden,47.15,8.2291666666667
1089,Knutwil,47.199722222222,8.0722222222222
1091,Mauensee,47.167222222222,8.0658333333333
1093,Neuenkirch,47.099722222222,8.2025
1094,Nottwil,47.134722222222,8.1369444444444
1095,Oberkirch,47.156388888889,8.1158333333333
1097,Rickenbach,47.219444444444,8.1536111111111
1098,Ruswil,47.083611111111,8.1261111111111
1099,Schenkon,47.173611111111,8.1369444444444
11,Ottenbach,47.281388888889,8.4038888888889
1100,Schlierbach,47.224166666667,8.1113888888889
1102,Sempach,47.132777777778,8.1936111111111
1103,Sursee,47.174166666667,8.1080555555556
1103,Sursee,47.174166666667,8.1080555555556
1104,Triengen,47.235833333333,8.0758333333333
1107,Wolhusen,47.061666666667,8.0744444444444
111,Bäretswil,47.336944444444,8.8575
112,Bubikon,47.269444444444,8.8202777777778
1121,Alberswil,47.149722222222,8.0
1122,Altbüron,47.183055555556,7.8833333333333
1123,Altishofen,47.199722222222,7.9666666666667
1125,Dagmersellen,47.213055555556,7.9894444444444
1127,Egolzwil,47.184722222222,8.0072222222222
1128,Ettiswil,47.148611111111,8.0172222222222
1129,Fischbach,47.155277777778,7.9080555555556
113,Dürnten,47.278888888889,8.8433333333333
1131,Grossdietwil,47.171666666667,7.885
1132,Hergiswil bei Willisau,47.084444444444,7.9572222222222
1135,Luthern,47.058333333333,7.9158333333333
1136,Menznau,47.083055555556,8.0391666666667
1137,Nebikon,47.1925,7.9780555555556
1139,Pfaffnau,47.227777777778,7.8994444444444
114,Fischenthal,47.332222222222,8.9211111111111
1140,Reiden,47.243055555556,7.9683333333333
1142,Roggliswil,47.211666666667,7.8855555555556
1143,Schötz,47.171111111111,7.9894444444444
1145,Ufhusen,47.116388888889,7.8969444444444
1146,Wauwil,47.183055555556,8.0166666666667
1147,Wikon,47.262777777778,7.9658333333333
115,Gossau,47.308055555556,8.7566666666667
1150,Zell,47.13573,7.92628
1151,Willisau,47.120555555556,7.9927777777778
116,Grüningen,47.284166666667,8.7625
117,Hinwil,47.303333333333,8.8444444444444
117,Hinwil,47.303333333333,8.8444444444444
118,Rüti,47.261388888889,8.8555555555556
118,Rüti,47.261388888889,8.8555555555556
119,Seegräben,47.343333333333,8.7719444444444
12,Rifferswil,47.233055555556,8.4666666666667
120,Wald,47.275277777778,8.9144444444444
1201,Altdorf,46.880555555556,8.6394444444444
1201,Altdorf,46.880555555556,8.6394444444444
1202,Andermatt,46.62049,8.6314
1203,Attinghausen,46.82825,8.54368
1203,Attinghausen,46.861111111111,8.6280555555556
1205,Bürglen,46.875,8.6627777777778
1206,Erstfeld,46.81237,8.59937
1207,Flüelen,46.91228,8.64318
1208,Göschenen,46.6675,8.5863888888889
1209,Gurtnellen,46.738055555556,8.6283333333333
121,Wetzikon,47.320833333333,8.7930555555556
121,Wetzikon,47.320833333333,8.7930555555556
1210,Hospental,46.620555555556,8.57
1211,Isenthal,46.910555555556,8.5627777777778
1212,Realp,46.598611111111,8.5030555555556
1213,Schattdorf,46.84936,8.67129
1214,Seedorf,46.882777777778,8.6130555555556
1215,Seelisberg,46.975555555556,8.5861111111111
1216,Silenen,46.791111111111,8.6691666666667
1217,Sisikon,46.949722222222,8.6211111111111
1218,Spiringen,46.873055555556,8.7288888888889
1219,Unterschächen,46.863888888889,8.7705555555556
1220,Wassen,46.705555555556,8.5991666666667
13,Stallikon,47.327222222222,8.4908333333333
1301,Einsiedeln,47.127777777778,8.7430555555556
1301,Einsiedeln,47.127777777778,8.7430555555556
131,Adliswil,47.312222222222,8.5255555555556
131,Adliswil,47.312222222222,8.5255555555556
1311,Gersau,46.991111111111,8.5247222222222
1321,Feusisberg,47.186944444444,8.7472222222222
1322,Freienbach,47.204722222222,8.7577777777778
1322,Freienbach,47.204722222222,8.7577777777778
1323,Wollerau,47.195555555556,8.7194444444444
1331,Küssnacht,47.082777777778,8.4408333333333
1341,Altendorf,47.192222222222,8.83
1342,Galgenen,47.182222222222,8.875
1343,Innerthal,47.105,8.9186111111111
1344,Lachen,47.191111111111,8.8566666666667
1345,Reichenburg,47.169444444444,8.9744444444444
1346,Schübelbach,47.173333333333,8.9263888888889
1347,Tuggen,47.203055555556,8.9455555555556
1348,Vorderthal,47.120277777778,8.9008333333333
1349,Wangen,47.190833333333,8.8955555555556
135,Kilchberg,47.324722222222,8.5491666666667
136,Langnau am Albis,47.289444444444,8.5413888888889
1361,Alpthal,47.070277777778,8.7158333333333
1362,Arth,47.064444444444,8.5241666666667
1362,Arth,47.064444444444,8.5241666666667
1363,Illgau,46.9875,8.7247222222222
1364,Ingenbohl,47.002777777778,8.6116666666667
1365,Lauerz,47.034722222222,8.5802777777778
1366,Morschach,46.981666666667,8.6197222222222
1367,Muotathal,46.974444444444,8.7577777777778
1368,Oberiberg,47.039444444444,8.7819444444444
1369,Riemenstalden,46.947222222222,8.6652777777778
137,Oberrieden,47.277777777778,8.5780555555556
1370,Rothenthurm,47.104166666667,8.6744444444444
1371,Sattel,47.080833333333,8.6338888888889
1372,Schwyz,47.020546,8.658332
1372,Schwyz,47.020546,8.658332
1373,Steinen,47.048888888889,8.6113888888889
1374,Steinerberg,47.051944444444,8.585
1375,Unteriberg,47.062222222222,8.8036111111111
138,Richterswil,47.208055555556,8.7058333333333
138,Richterswil,47.208055555556,8.7058333333333
139,Rüschlikon,47.308055555556,8.5541666666667
14,Wettswil am Albis,47.338611111111,8.4747222222222
1401,Alpnach,46.94,8.2733333333333
1402,Engelberg,46.820555555556,8.4027777777778
1403,Giswil,46.833055555556,8.1844444444444
1403,Giswil,46.83586,8.11884
1404,Kerns,46.9025,8.2761111111111
1405,Lungern,46.787222222222,8.1597222222222
1406,Sachseln,46.867777777778,8.2386111111111
1407,Sarnen,46.896944444444,8.2469444444444
1407,Sarnen,46.896944444444,8.2469444444444
141,Thalwil,47.295277777778,8.5647222222222
141,Thalwil,47.295277777778,8.5647222222222
1501,Beckenried,46.9665,8.4747
1502,Buochs,46.97463,8.42068
1503,Dallenwil,46.934444444444,8.3916666666667
1504,Emmetten,46.956666666667,8.5180555555556
1505,Ennetbürgen,46.984444444444,8.4138888888889
1506,Ennetmoos,46.956666666667,8.3372222222222
1507,Hergiswil,46.984444444444,8.3125
1508,Oberdorf,46.9525,8.3819444444444
1509,Stans,46.959444444444,8.3666666666667
1509,Stans,46.959444444444,8.3666666666667
151,Erlenbach,47.304444444444,8.5922222222222
1510,Stansstad,46.980277777778,8.3388888888889
1511,Wolfenschiessen,46.909444444444,8.3972222222222
152,Herrliberg,47.29716,8.63018
153,Hombrechtikon,47.253333333333,8.7702777777778
154,Küsnacht,47.318055555556,8.5825
154,Küsnacht,47.318055555556,8.5825
155,Männedorf,47.255277777778,8.6916666666667
155,Männedorf,47.255277777778,8.6916666666667
156,Meilen,47.270277777778,8.6411111111111
156,Meilen,47.270277777778,8.6411111111111
157,Oetwil am See,47.270833333333,8.7211111111111
158,Stäfa,47.2401,8.7328
158,Stäfa,47.2401,8.7328
159,Uetikon am See,47.266944444444,8.6772222222222
160,Zumikon,47.332777777778,8.6238888888889
161,Zollikon,47.342222222222,8.5783333333333
161,Zollikon,47.342222222222,8.5783333333333
1630,Glarus Nord,47.099166666667,9.0630527777778
1630,Glarus Nord,47.099166666667,9.0630527777778
1631,Glarus Süd,46.994436111111,9.0741638888889
1632,Glarus,47.033055555556,9.0663888888889
1632,Glarus,47.033055555556,9.0663888888889
1701,Baar,47.195555555556,8.5263888888889
1701,Baar,47.195555555556,8.5263888888889
1702,Cham,47.180277777778,8.4594444444444
1702,Cham,47.180277777778,8.4594444444444
1703,Hünenberg,47.176111111111,8.4263888888889
1704,Menzingen,47.180277777778,8.5916666666667
1705,Neuheim,47.206666666667,8.5777777777778
1706,Oberägeri,47.135833333333,8.6136111111111
1707,Risch,47.141111111111,8.4313888888889
1707,Risch,47.141111111111,8.4313888888889
1708,Steinhausen,47.196944444444,8.4861111111111
1708,Steinhausen,47.196944444444,8.4861111111111
1709,Unterägeri,47.138611111111,8.5844444444444
1710,Walchwil,47.099722222222,8.5163888888889
1711,Zug,47.168055555556,8.5169444444444
1711,Zug,47.168055555556,8.5169444444444
172,Fehraltorf,47.386111111111,8.7547222222222
173,Hittnau,47.37,8.8238888888889
176,Lindau,47.443055555556,8.6719444444444
177,Pfäffikon,47.366666666667,8.7822222222222
177,Pfäffikon,47.366666666667,8.7822222222222
178,Russikon,47.395277777778,8.7777777777778
180,Weisslingen,47.4325,8.7638888888889
181,Wila,47.418333333333,8.8491666666667
182,Wildberg,47.428611111111,8.8163888888889
191,Dübendorf,47.398055555556,8.6194444444444
191,Dübendorf,47.398055555556,8.6194444444444
192,Egg,47.301944444444,8.6905555555556
193,Fällanden,47.371666666667,8.64
193,Fällanden,47.36952,8.63558
194,Greifensee,47.366111111111,8.6786111111111
195,Maur,47.341666666667,8.6702777777778
196,Mönchaltorf,47.311388888889,8.7222222222222
197,Schwerzenbach,47.38182,8.65589
198,Uster,47.349166666667,8.7191666666667
198,Uster,47.349166666667,8.7191666666667
199,Volketswil,47.390555555556,8.6952777777778
199,Volketswil,47.390555555556,8.6952777777778
2,Affoltern am Albis,47.28167,8.45023
2,Affoltern am Albis,47.28167,8.45023
200,Wangen-Brüttisellen,47.411944444444,8.6463888888889
2008,Châtillon,46.833056,6.825833
2011,Cugy,46.814722,6.890833
2013,Domdidier,46.866667,7.011667
2016,Fétigny,46.796111,6.914444
2022,Gletterens,46.895,6.9375
2025,Lully,46.833333333333,6.8447222222222
2027,Ménières,46.782222,6.880833
2029,Montagny,46.810556,6.992222
2035,Nuvilly,46.7825,6.831111
2038,Prévondavaux,46.727778,6.793333
2041,Saint-Aubin,46.89,6.980556
2043,Sévaz,46.839167,6.875
2044,Surpierre,46.744444,6.861111
2045,Vallon,46.884722,6.953611
2050,Les Montets,46.816389,6.866944
2051,Delley-Portalban,46.913333,6.967778
2052,Vernay,46.883333333333,6.8833333333333
2053,Belmont-Broye,46.866665,7.011674
2054,Estavayer,46.850002777778,6.8472277777778
2055,Cheyres-Châbles,46.81063,6.78809
2061,Auboranges,46.583333333333,6.8
2063,Billens-Hennens,46.683333333333,6.9
2066,Chapelle,46.583333333333,6.8333333333333
2067,Le Châtelard,46.683333333333,6.9833333333333
2068,Châtonnaye,46.75,6.9333333333333
2072,Ecublens,46.61534,6.80704
2079,Grangettes,46.683333333333,6.9666666666667
2086,Massonnens,46.7,6.9666666666667
2087,Mézières,46.6785,6.9258
2089,Montet,46.65,6.8166666666667
2090,Morlens,46.650008,6.833336
2096,Romont,46.70013,6.91814
2097,Rue,46.616666666667,6.8166666666667
2099,Siviriez,46.65,6.8833333333333
2102,Ursy,46.633333333333,6.8333333333333
211,Altikon,47.573333333333,8.7808333333333
2113,Vuisternens-devant-Romont,46.65,6.9333333333333
2114,Villorsonnens,46.716666666667,7.0
2115,Torny,46.766666666667,6.9666666666667
2117,Villaz,46.719998,6.956669
2121,Haut-Intyamon,46.516944444444,7.0561111111111
2122,Pont-en-Ogoz,46.683333333333,7.0833333333333
2123,Botterens,46.616666666667,7.1166666666667
2124,Broc,46.6,7.1
2125,Bulle,46.616666666667,7.05
2125,Bulle,46.616666666667,7.05
2128,Châtel-sur-Montsalvens,46.616666666667,7.1333333333333
2129,Corbières,46.666666666667,7.1
213,Brütten,47.473055555556,8.6744444444444
2130,Crésuz,46.616666666667,7.1333333333333
2131,Echarlens,46.64583,7.07716
2134,Grandvillard,46.533333333333,7.0833333333333
2135,Gruyères,46.583611,7.081944
2137,Hauteville,46.666666666667,7.1166666666667
2138,Jaun,46.616666666667,7.2666666666667
214,Dägerlen,47.561944444444,8.7230555555556
2140,Marsens,46.65,7.0666666666667
2143,Morlon,46.633333333333,7.0833333333333
2145,Le Pâquier,46.594277777778,7.0551944444444
2147,Pont-la-Ville,46.7,7.1166666666667
2148,Riaz,46.633333333333,7.0666666666667
2149,La Roche,46.7,7.1333333333333
215,Dättlikon,47.526111111111,8.6252777777778
2152,Sâles,46.633333333333,6.9666666666667
2153,Sorens,46.666666666667,7.0666666666667
2155,Vaulruz,46.616666666667,6.9833333333333
216,Dinhard,47.5575,8.7697222222222
2160,Vuadens,46.616666666667,7.0166666666667
2162,Bas-Intyamon,46.566666666667,7.0833333333333
2163,Val-de-Charmey,46.618888888889,7.1647222222222
2173,Autigny,46.73984,7.02746
2174,Avry,46.783333333333,7.0666666666667
2175,Belfaux,46.82873,7.09504
2177,Chénens,46.733333333333,7.0
218,Ellikon an der Thur,47.56307,8.82418
218,Ellikon an der Thur,47.564166666667,8.8255555555556
2183,Corminboeuf,46.8,7.1
2186,Cottens,46.75,7.0333333333333
219,Elsau,47.506111111111,8.8027777777778
2194,Ferpicloz,46.75,7.1666666666667
2196,Fribourg,46.8,7.15
2196,Fribourg,46.8,7.15
2197,Givisiez,46.816666666667,7.1333333333333
2198,Granges-Paccot,46.816666666667,7.15
22,Benken,47.654166666667,8.6538888888889
220,Hagenbuch,47.5225,8.8883333333333
2200,Grolley,46.833333333333,7.0666666666667
2206,Marly,46.783333333333,7.1666666666667
2208,Matran,46.78391,7.09101
221,Hettlingen,47.547777777778,8.7097222222222
2210,Montévraz,46.716664,7.183334
2211,Neyruz,46.766666666667,7.0666666666667
2216,Pierrafortscha,46.783333333333,7.1833333333333
2217,Ponthaux,46.816666666667,7.0333333333333
2220,Le Mouret,46.75,7.1666666666667
2223,Le Glèbe,46.716666666667,7.0333333333333
2226,Treyvaux,46.733333333333,7.1333333333333
2228,Villars-sur-Glâne,46.783333333333,7.1166666666667
2228,Villars-sur-Glâne,46.783333333333,7.1166666666667
223,Neftenbach,47.528333333333,8.6680555555556
2230,Villarsel-sur-Marly,46.766666666667,7.1666666666667
2233,Hauterive,46.766666666667,7.1166666666667
2234,La Brillaz,46.766666666667,7.0
2235,La Sonnaz,46.833889,7.108611
2236,Gibloux,46.720555555556,7.0644444444444
2237,Prez,46.785,7.013055
2238,Bois-d’Amont,46.754724,7.145839
2239,Grolley-Ponthaux,46.833333333333,7.0666666666667
224,Pfungen,47.515555555556,8.6469444444444
225,Rickenbach,47.5525,8.7958333333333
2250,Courgevaux,46.90648,7.11215
2254,Courtepin,46.866666666667,7.1166666666667
2257,Cressier,46.9,7.1333333333333
2258,Fräschels,47.0,7.2
226,Schlatt,47.468333333333,8.8269444444444
2261,Greng,46.916666666667,7.1
2262,Gurmels,46.9,7.1666666666667
2263,Guschelmuth,46.880282,7.135002
2265,Kerzers,46.983333333333,7.2
2266,Kleinbösingen,46.9,7.2
227,Seuzach,47.535833333333,8.7294444444444
2271,Meyriez,46.916666666667,7.1166666666667
2272,Misery-Courtion,46.85,7.0666666666667
2274,Muntelier,46.93884,7.13023
2275,Murten,46.928055555556,7.1169444444444
2276,Ried bei Kerzers,46.96335,7.18105
2278,Ulmiz,46.933333333333,7.2
228,Turbenthal,47.438333333333,8.8441666666667
2281,Haut-Vully,46.95,7.0833333333333
2284,Mont-Vully,46.961941666667,7.1125055555556
2292,Brünisried,46.766666666667,7.2833333333333
2293,Düdingen,46.846105555556,7.1905611111111
2294,Giffers,46.761394444444,7.2102833333333
2295,Bösingen,46.9,7.2333333333333
2296,Heitenried,46.82755,7.30453
2299,Plaffeien,46.7412,7.2871
23,Berg am Irchel,47.566388888889,8.5997222222222
230,Winterthur,47.4992,8.72671
230,Winterthur,47.4992,8.72671
2300,Plasselb,46.733333333333,7.25
2301,Rechthalten,46.76336,7.24597
2303,St. Silvester,46.73814,7.22064
2304,St. Ursen,46.78687,7.22433
2305,Schmitten,46.85,7.25
2306,Tafers,46.816666666667,7.2166666666667
2307,Tentlingen,46.766666666667,7.2
2308,Ueberstorf,46.86947,7.3264
2309,Wünnewil-Flamatt,46.866666666667,7.2833333333333
231,Zell,47.448888888889,8.8233333333333
2321,Attalens,46.5103,6.8489
2323,Bossonnens,46.516666666667,6.85
2325,Châtel-Saint-Denis,46.526944,6.901111
2328,Granges,46.516666666667,6.8333333333333
2333,Remaufens,46.516666666667,6.8666666666667
2335,Saint-Martin,46.583333333333,6.8666666666667
2336,Semsales,46.566666666667,6.9333333333333
2337,Le Flon,46.616666666667,6.8833333333333
2338,La Verrerie,46.616666666667,6.9166666666667
24,Buch am Irchel,47.548888888889,8.6219444444444
2401,Egerkingen,47.321944444444,7.7944444444444
2402,Härkingen,47.309444444444,7.8180555555556
2403,Kestenholz,47.283333333333,7.7541666666667
2404,Neuendorf,47.3025,7.7944444444444
2405,Niederbuchsiten,47.296944444444,7.7708333333333
2406,Oberbuchsiten,47.310833333333,7.7666666666667
2407,Oensingen,47.288611111111,7.7138888888889
2408,Wolfwil,47.269166666667,7.7930555555556
241,Aesch,47.336944444444,8.4380555555556
242,Birmensdorf,47.354166666667,8.4377777777778
2421,Aedermannsdorf,47.306666666667,7.6111111111111
2422,Balsthal,47.316388888889,7.6944444444444
2424,Herbetswil,47.296944444444,7.5930555555556
2425,Holderbank,47.333333333333,7.7541666666667
2426,Laupersdorf,47.315,7.6513888888889
2427,Matzendorf,47.306944444444,7.6305555555556
2428,Mümliswil-Ramiswil,47.340833333333,7.7033333333333
243,Dietikon,47.405555555556,8.4038888888889
243,Dietikon,47.405555555556,8.4038888888889
2430,Welschenrohr-Gänsbrunnen,47.281662,7.528899
244,Geroldswil,47.422777777778,8.4108333333333
2445,Biezwil,47.115,7.4180555555556
245,Oberengstringen,47.410277777778,8.4633333333333
2455,Lüterkofen-Ichertswil,47.162222222222,7.5055555555556
2457,Messen,47.091388888889,7.4486111111111
246,Oetwil an der Limmat,47.430833333333,8.3941666666667
2461,Schnottwil,47.10875,7.39119
2463,Unterramsern,47.119722222222,7.4833333333333
2464,Lüsslingen-Nennigkofen,47.190277,7.501392
2465,Buchegg,47.136112,7.476402
247,Schlieren,47.398888888889,8.4497222222222
247,Schlieren,47.398888888889,8.4497222222222
2471,Bättwil,47.5,7.5166666666667
2472,Büren,47.451111111111,7.6708333333333
2473,Dornach,47.478888888889,7.6180555555556
2474,Gempen,47.476388888889,7.6597222222222
2475,Hochwald,47.456111111111,7.6397222222222
2476,Hofstetten-Flüh,47.4775,7.5152777777778
2477,Metzerlen-Mariastein,47.466666666667,7.4666666666667
2478,Nuglar-St. Pantaleon,47.471944444444,7.6930555555556
2479,Rodersdorf,47.480555555556,7.4569444444444
248,Uitikon,47.371944444444,8.4530555555556
2480,Seewen,47.435833333333,7.6597222222222
2481,Witterswil,47.487222222222,7.5236111111111
249,Unterengstringen,47.414722222222,8.4497222222222
2491,Hauenstein-Ifenthal,47.378888888889,7.8722222222222
2492,Kienberg,47.441388888889,7.9680555555556
2493,Lostorf,47.384444444444,7.95
2495,Niedergösgen,47.373611111111,7.9930555555556
2497,Obergösgen,47.366388888889,7.9527777777778
2499,Stüsslingen,47.394166666667,7.9708333333333
25,Dachsen,47.665555555556,8.6186111111111
250,Urdorf,47.386666666667,8.4277777777778
250,Urdorf,47.386666666667,8.4277777777778
2500,Trimbach,47.363611111111,7.9
2501,Winznau,47.365555555556,7.9333333333333
2502,Wisen,47.394166666667,7.8875
2503,Erlinsbach,47.406666666667,8.0069444444444
251,Weiningen,47.420833333333,8.4355555555556
2511,Aeschi,47.181944444444,7.6625
2513,Biberist,47.182777777778,7.5586111111111
2514,Bolken,47.192777777778,7.6638888888889
2516,Deitingen,47.215833333333,7.6236111111111
2517,Derendingen,47.19185,7.5899
2518,Etziken,47.188611111111,7.6486111111111
2519,Gerlafingen,47.172222222222,7.5738888888889
2520,Halten,47.1682,7.612
2523,Horriwil,47.183055555556,7.6236111111111
2524,Hüniken,47.185833333333,7.6375
2525,Kriegstetten,47.174722222222,7.5986111111111
2526,Lohn-Ammannsegg,47.169444444444,7.525
2527,Luterbach,47.219444444444,7.5861111111111
2528,Obergerlafingen,47.161111111111,7.5833333333333
2529,Oekingen,47.180277777778,7.6041666666667
2530,Recherswil,47.163611111111,7.5944444444444
2532,Subingen,47.196666666667,7.6152777777778
2534,Zuchwil,47.205555555556,7.5597222222222
2535,Drei Höfe,47.166666666667,7.6333333333333
2541,Balm bei Günsberg,47.252777777778,7.5580555555556
2542,Bellach,47.215,7.5
2543,Bettlach,47.203888888889,7.425
2544,Feldbrunnen-St. Niklaus,47.220833333333,7.5555555555556
2545,Flumenthal,47.237222222222,7.5986111111111
2546,Grenchen,47.193055555556,7.3958333333333
2546,Grenchen,47.193055555556,7.3958333333333
2547,Günsberg,47.256666666667,7.5761111111111
2548,Hubersdorf,47.243333333333,7.5905555555556
2549,Kammersrohr,47.253333333333,7.5933333333333
2550,Langendorf,47.220555555556,7.5144444444444
2551,Lommiswil,47.221666666667,7.4711111111111
2553,Oberdorf,47.231944444444,7.5041666666667
2554,Riedholz,47.23,7.5680555555556
2555,Rüttenen,47.230277777778,7.5297222222222
2556,Selzach,47.205555555556,7.4555555555556
2571,Boningen,47.309444444444,7.8583333333333
2572,Däniken,47.356666666667,7.9819444444444
2573,Dulliken,47.3525,7.9458333333333
2574,Eppenberg-Wöschnau,47.376666666667,8.025
2575,Fulenbach,47.2775,7.8361111111111
2576,Gretzenbach,47.358055555556,7.9986111111111
2578,Gunzgen,47.316388888889,7.8291666666667
2579,Hägendorf,47.334444444444,7.8444444444444
2580,Kappel,47.325,7.85
2581,Olten,47.353055555556,7.9077777777778
2581,Olten,47.353055555556,7.9077777777778
2582,Rickenbach,47.341388888889,7.8583333333333
2583,Schönenwerd,47.371944444444,8.0027777777778
2584,Starrkirch-Wil,47.348333333333,7.9263888888889
2585,Walterswil,47.326111111111,7.9608333333333
2586,Wangen bei Olten,47.344166666667,7.8694444444444
26,Dorf,47.574166666667,8.6497222222222
2601,Solothurn,47.208055555556,7.5375
2601,Solothurn,47.208055555556,7.5375
261,Zurich,47.374444444444,8.5411111111111
2611,Bärschwil,47.383333333333,7.4736111111111
2612,Beinwil,47.363888888889,7.5875
2613,Breitenbach,47.408333333333,7.5444444444444
2614,Büsserach,47.391388888889,7.5402777777778
2615,Erschwil,47.373333333333,7.5430555555556
2616,Fehren,47.395833333333,7.5802777777778
2617,Grindel,47.383055555556,7.5041666666667
2618,Himmelried,47.421944444444,7.5986111111111
2619,Kleinlützel,47.427777777778,7.4166666666667
2620,Meltingen,47.388888888889,7.5908333333333
2621,Nunningen,47.394166666667,7.6194444444444
2622,Zullwil,47.391388888889,7.6013888888889
27,Feuerthalen,47.692222222222,8.6452777777778
2701,Basel,47.560555555556,7.5905555555556
2701,Basel,47.560555555556,7.5905555555556
2702,Bettingen,47.570833333333,7.665
2703,Riehen,47.580555555556,7.6491666666667
2703,Riehen,47.580555555556,7.6491666666667
2761,Aesch,47.469444444444,7.5941666666667
2761,Aesch,47.469444444444,7.5941666666667
2762,Allschwil,47.550833333333,7.5358333333333
2762,Allschwil,47.550833333333,7.5358333333333
2763,Arlesheim,47.492222222222,7.6202777777778
2763,Arlesheim,47.492222222222,7.6202777777778
2764,Biel-Benken,47.506944444444,7.525
2765,Binningen,47.533333333333,7.5666666666667
2765,Binningen,47.533333333333,7.5666666666667
2766,Birsfelden,47.553055555556,7.6230555555556
2766,Birsfelden,47.553055555556,7.6230555555556
2767,Bottmingen,47.523611111111,7.5697222222222
2768,Ettingen,47.480911111111,7.5444
2769,Münchenstein,47.51857,7.61739
2769,Münchenstein,47.51857,7.61739
2770,Muttenz,47.52275,7.6451888888889
2770,Muttenz,47.52275,7.6451888888889
2771,Oberwil,47.513511111111,7.55465
2771,Oberwil,47.513511111111,7.55465
2772,Pfeffingen,47.46,7.5905555555556
2773,Reinach,47.493611111111,7.5908333333333
2773,Reinach,47.493611111111,7.5908333333333
2774,Schönenbuch,47.536944444444,7.5008333333333
2775,Therwil,47.499722222222,7.55
2781,Blauen,47.449722222222,7.5166666666667
2782,Brislach,47.418788888889,7.5428194444444
2783,Burg im Leimental,47.4575,7.4423805555556
2784,Dittingen,47.440555555556,7.4972222222222
2785,Duggingen,47.45,7.6
2786,Grellingen,47.442222222222,7.5897222222222
2787,Laufen,47.416666666667,7.5
2788,Liesberg,47.405,7.43
2789,Nenzlingen,47.448611111111,7.5633333333333
2790,Roggenburg,47.434169444444,7.34075
2791,Röschenz,47.424761111111,7.4758888888889
2792,Wahlen,47.402777777778,7.5163888888889
2793,Zwingen,47.433055555556,7.5333333333333
28,Flaach,47.576388888889,8.6091666666667
2821,Arisdorf,47.512777777778,7.765
2822,Augst,47.531944444444,7.7172222222222
2822,Augst,47.5338077,7.7206018
2823,Bubendorf,47.4497,7.7364
2824,Frenkendorf,47.503055555556,7.7144444444444
2825,Füllinsdorf,47.505555555556,7.7297222222222
2826,Giebenach,47.523055555556,7.7447222222222
2827,Hersberg,47.492222222222,7.7830555555556
2828,Lausen,47.4725,7.7597222222222
2829,Liestal,47.483888888889,7.735
2829,Liestal,47.483888888889,7.735
2830,Lupsingen,47.445555555556,7.6938888888889
2831,Pratteln,47.5185,7.69275
2831,Pratteln,47.5185,7.69275
2832,Ramlinsburg,47.448888888889,7.7641666666667
2833,Seltisberg,47.459444444444,7.7172222222222
2834,Ziefen,47.431388888889,7.7052777777778
2841,Anwil,47.450833333333,7.9413888888889
2842,Böckten,47.4625,7.8355555555556
2843,Buckten,47.409722222222,7.8447222222222
2844,Buus,47.505277777778,7.8644444444444
2845,Diepflingen,47.446666666667,7.8383333333333
2846,Gelterkinden,47.465277777778,7.8527777777778
2847,Häfelfingen,47.416388888889,7.8666666666667
2848,Hemmiken,47.488330555556,7.8931305555556
2849,Itingen,47.46482,7.78478
2850,Känerkinden,47.412222222222,7.8372222222222
2851,Kilchberg,47.425555555556,7.8986111111111
2852,Läufelfingen,47.395038888889,7.85585
2853,Maisprach,47.524444444444,7.8458333333333
2854,Nusshof,47.491666666667,7.8047222222222
2855,Oltingen,47.433055555556,7.9333333333333
2856,Ormalingen,47.470555555556,7.8763888888889
2857,Rickenbach,47.484619444444,7.8505805555556
2858,Rothenfluh,47.461944444444,7.9161111111111
2859,Rümlingen,47.425277777778,7.8497222222222
2860,Rünenberg,47.433055555556,7.8833333333333
2861,Sissach,47.464361111111,7.8106194444444
2862,Tecknau,47.449722222222,7.8833333333333
2863,Tenniken,47.436944444444,7.8111111111111
2864,Thürnen,47.457222222222,7.8302777777778
2865,Wenslingen,47.440833333333,7.9083333333333
2866,Wintersingen,47.495833333333,7.8252777777778
2867,Wittinsburg,47.426944444444,7.8427777777778
2868,Zeglingen,47.418055555556,7.9061111111111
2869,Zunzgen,47.449261111111,7.80795
2881,Arboldswil,47.415930555556,7.7168
2882,Bennwil,47.40317,7.77987
2883,Bretzwil,47.397861111111,7.6528194444444
2884,Diegten,47.4133,7.8112
2885,Eptingen,47.383055555556,7.8166666666667
2886,Hölstein,47.426138888889,7.7701388888889
2887,Lampenberg,47.424711111111,7.7584305555556
2888,Langenbruck,47.349444444444,7.7694444444444
2889,Lauwil,47.390138888889,7.6757
2890,Liedertswil,47.392222222222,7.7191666666667
2891,Niederdorf,47.407777777778,7.7533333333333
2892,Oberdorf,47.391944444444,7.7513888888889
2893,Reigoldswil,47.398333333333,7.6913888888889
2894,Titterten,47.401919444444,7.71745
2895,Waldenburg,47.383055555556,7.75
29,Flurlingen,47.683888888889,8.6283333333333
2901,Gächlingen,47.7027,8.499
2903,Löhningen,47.7019,8.5517
2904,Neunkirch,47.69,8.4988888888889
291,Andelfingen,47.594722222222,8.6788888888889
2914,Büttenhardt,47.75316,8.64429
2915,Dörflingen,47.7075,8.7202
2917,Lohn,47.749722222222,8.6666666666667
2919,Stetten,47.733055555556,8.65
292,Stammheim,47.635777777778,8.7920833333333
2920,Thayngen,47.75863,8.69055
2920,Thayngen,47.733055555556,8.6997222222222
293,Wädenswil,47.230277777778,8.6722222222222
293,Wädenswil,47.230277777778,8.6722222222222
2931,Bargen,47.7934,8.59191
2932,Beringen,47.69643,8.57543
2933,Buchberg,47.566666666667,8.5497222222222
2936,Merishausen,47.760555555556,8.6091666666667
2937,Neuhausen am Rheinfall,47.683055555556,8.6166666666667
2937,Neuhausen am Rheinfall,47.683055555556,8.6166666666667
2938,Rüdlingen,47.566666666667,8.5663888888889
2939,Schaffhausen,47.69653,8.63386
2939,Schaffhausen,47.69653,8.63386
294,Elgg,47.49138,8.86454
295,Horgen,47.260833333333,8.5975
295,Horgen,47.260833333333,8.5975
2951,Beggingen,47.766666666667,8.5330555555556
2952,Schleitheim,47.7493,8.4851
2953,Siblingen,47.714362914158,8.5213494411617
2953,Siblingen,47.699722222222,8.5163888888889
296,Illnau-Effretikon,47.415833333333,8.7197222222222
296,Illnau-Effretikon,47.415833333333,8.7197222222222
2961,Buch,47.716388888889,8.7830555555556
2962,Hemishofen,47.68825,8.84101
2963,Ramsen,47.699722222222,8.7997222222222
2964,Stein am Rhein,47.659444444444,8.8591666666667
297,Bauma,47.368055555556,8.8777777777778
2971,Hallau,47.6966,8.4578
2972,Oberhallau,47.7053,8.4775
2973,Trasadingen,47.66979,8.4262
2974,Wilchingen,47.666388888889,8.4666666666667
298,Wiesendangen,47.522222222222,8.7911111111111
3,Bonstetten,47.315555555556,8.4691666666667
3001,Herisau,47.3851,9.2786
3001,Herisau,47.3851,9.2786
3002,Hundwil,47.365277777778,9.3194444444444
3003,Schönengrund,47.326388888889,9.2266666666667
3004,Schwellbrunn,47.3523,9.249
3005,Stein,47.373333333333,9.3444444444444
3006,Urnäsch,47.318055555556,9.2858333333333
3007,Waldstatt,47.3575,9.2858333333333
301,Aarberg,47.045833333333,7.2763888888889
302,Bargen,47.040277777778,7.2638888888889
3021,Bühler,47.372777777778,9.4211111111111
3022,Gais,47.360555555556,9.4511111111111
3023,Speicher,47.410555555556,9.4433333333333
3024,Teufen,47.39,9.39
3025,Trogen,47.4075,9.4647222222222
303,Grossaffoltern,47.066666666667,7.3597222222222
3031,Grub,47.448055555556,9.5093611111111
3032,Heiden,47.441111111111,9.5311111111111
3033,Lutzenberg,47.458055555556,9.5836111111111
3034,Rehetobel,47.42784,9.4816
3035,Reute,47.419444444444,9.575
3036,Wald,47.415555555556,9.4902777777778
3037,Walzenhausen,47.451111111111,9.6013888888889
3038,Wolfhalden,47.453888888889,9.5508333333333
304,Kallnach,47.022222222222,7.2361111111111
305,Kappelen,47.060833333333,7.2680555555556
306,Lyss,47.075,7.3069444444444
306,Lyss,47.075,7.3069444444444
307,Meikirch,47.009722222222,7.3652777777778
308,Niederried bei Kallnach,47.0125,7.2513888888889
309,Radelfingen,46.9998,7.2683
31,Henggart,47.565,8.6855555555556
310,Rapperswil,47.063055555556,7.41
3101,Appenzell,47.333333333333,9.4166666666667
3102,Gonten,47.328333333333,9.3466666666667
3103,Rüte,47.320555555556,9.43
3104,Schlatt-Haslen,47.356666666667,9.3961111111111
3105,Schwende,47.299722222222,9.4355555555556
311,Schüpfen,47.03577,7.37466
3111,Oberegg,47.422222222222,9.5533333333333
3112,Schwende-Rüte,47.321,9.43
312,Seedorf,47.034721,7.312505
3201,Häggenschwil,47.483055555556,9.35
3202,Muolen,47.516666666667,9.3163888888889
3203,St. Gallen,47.423333333333,9.3772222222222
3203,St. Gallen,47.423333333333,9.3772222222222
3204,Wittenbach,47.46665,9.37954
321,Aarwangen,47.241388888889,7.7708333333333
3211,Berg,47.486388888889,9.4072222222222
3212,Eggersriet,47.449722222222,9.4663888888889
3213,Goldach,47.483055555556,9.4663888888889
3214,Mörschwil,47.46758,9.42615
3215,Rorschach,47.478611111111,9.4936111111111
3215,Rorschach,47.478611111111,9.4936111111111
3216,Rorschacherberg,47.466388888889,9.5
3217,Steinach,47.499722222222,9.4333333333333
3218,Tübach,47.483333333333,9.45
3219,Untereggen,47.466388888889,9.4497222222222
322,Auswil,47.1375,7.8333333333333
323,Bannwil,47.237222222222,7.7319444444444
3231,Au,47.433055555556,9.6333333333333
3232,Balgach,47.4,9.5997222222222
3233,Berneck,47.42465,9.61254
3234,Diepoldsau,47.383055555556,9.65
3235,Rheineck,47.47005,9.5834
3236,St. Margrethen,47.449722222222,9.6330555555556
3237,Thal,47.466388888889,9.5666666666667
3238,Widnau,47.399722222222,9.6333333333333
324,Bleienbach,47.186111111111,7.7569444444444
325,Busswil bei Melchnau,47.186944444444,7.8333333333333
3251,Altstätten,47.37801,9.54875
3252,Eichberg,47.34295,9.53081
3253,Marbach,47.3917,9.5681
3254,Oberriet,47.316388888889,9.5663888888889
3255,Rebstein,47.399722222222,9.5833333333333
3256,Rüthi,47.2958,9.5373
326,Gondiswil,47.145555555556,7.8736111111111
3271,Buchs,47.165555555556,9.4711111111111
3271,Buchs,47.165555555556,9.4711111111111
3272,Gams,47.2,9.4333333333333
3273,Grabs,47.183055555556,9.45
3274,Sennwald,47.266388888889,9.5
3274,Sennwald,47.24391,9.47681
3275,Sevelen,47.120430555556,9.4856888888889
3276,Wartau,47.083055555556,9.4833333333333
329,Langenthal,47.215277777778,7.7888888888889
329,Langenthal,47.215277777778,7.7888888888889
3291,Bad Ragaz,46.999722222222,9.5
3292,Flums,47.0928,9.3439
3293,Mels,47.049722222222,9.4166666666667
3294,Pfäfers,46.983055555556,9.4997222222222
3295,Quarten,47.099722222222,9.2333333333333
3296,Sargans,47.0481,9.4398
3297,Vilters-Wangs,47.016666666667,9.45
3298,Walenstadt,47.1234,9.315
33,Kleinandelfingen,47.6,8.6830555555556
331,Lotzwil,47.191388888889,7.7930555555556
3311,Amden,47.148971,9.14091
3312,Benken,47.19241,8.99573
3313,Kaltbrunn,47.216388888889,9.0333333333333
3315,Schänis,47.1588,9.0466
3316,Weesen,47.14268,9.09327
332,Madiswil,47.166388888889,7.8
333,Melchnau,47.183055555556,7.8527777777778
3338,Schmerikon,47.225277777778,8.95
3339,Uznach,47.224166666667,8.9838888888889
3340,Rapperswil-Jona,47.228611111111,8.8316666666667
3340,Rapperswil-Jona,47.228611111111,8.8316666666667
3341,Gommiswald,47.24043,9.04745
3342,Eschenbach,47.2709,8.97001
335,Oeschenbach,47.1025,7.75
3352,Ebnat-Kappel,47.2632,9.1234
3359,Wildhaus-Alt St. Johann,47.183333333333,9.2833333333333
336,Reisiswil,47.166388888889,7.8458333333333
3360,Nesslau,47.22957,9.21831
337,Roggwil,47.241666666667,7.8236111111111
3372,Hemberg,47.3005,9.1753888888889
3374,Lichtensteig,47.316388888889,9.0830555555556
3375,Oberhelfenschwil,47.349722222222,9.1
3379,Wattwil,47.29572,9.08303
338,Rohrbach,47.137222222222,7.8138888888889
339,Rohrbachgraben,47.121944444444,7.8013888888889
3392,Kirchberg,47.4,9.0333333333333
3393,Lütisburg,47.3947,9.0811
3394,Mosnang,47.35,9.0330555555556
3395,Bütschwil-Ganterschwil,47.35,9.0666666666667
3396,Neckertal,47.333333333333,9.1333333333333
34,Laufen-Uhwiesen,47.670833333333,8.6366666666667
340,Rütschelen,47.173611111111,7.775
3401,Degersheim,47.366666666667,9.1997222222222
3402,Flawil,47.40532,9.19771
3402,Flawil,47.40532,9.19771
3405,Jonschwil,47.42831,9.08848
3407,Oberuzwil,47.429444444444,9.1236111111111
3408,Uzwil,47.45,9.1333333333333
3408,Uzwil,47.45,9.1333333333333
341,Schwarzhäusern,47.253888888889,7.7666666666667
342,Thunstetten,47.203888888889,7.7569444444444
3422,Niederbüren,47.466388888889,9.2
3423,Niederhelfenschwil,47.483333333333,9.1830555555556
3424,Oberbüren,47.45,9.1663888888889
3426,Zuzwil,47.47126,9.10217
3427,Wil,47.466388888889,9.0497222222222
3427,Wil,47.466388888889,9.0497222222222
344,Ursenbach,47.1375,7.7736111111111
3441,Andwil,47.44061,9.28104
3442,Gaiserwald,47.430277777778,9.3275
3443,Gossau,47.416388888889,9.25
3443,Gossau,47.416388888889,9.25
3444,Waldkirch,47.466388888889,9.2830555555556
345,Wynau,47.260833333333,7.8111111111111
35,Marthalen,47.626666666667,8.6505555555556
3506,Vaz/Obervaz,46.716388888889,9.55
351,Bern,46.94798,7.44743
351,Bern,46.94798,7.44743
3513,Lantsch/Lenz,46.683055555556,9.5663888888889
3514,Schmitten,46.6871,9.6723
352,Bolligen,46.976111111111,7.4986111111111
353,Bremgarten bei Bern,46.9753,7.4374
354,Kirchlindach,47.0,7.4111111111111
3542,Albula/Alvra,46.665,9.572
3543,Surses,46.597772,9.599992
3544,Bergün Filisur,46.65145,9.71847
355,Köniz,46.925,7.4152777777778
355,Köniz,46.925,7.4152777777778
3551,Brusio,46.25545,10.11898
356,Muri bei Bern,46.931944444444,7.4872222222222
356,Muri bei Bern,46.931944444444,7.4872222222222
3561,Poschiavo,46.333333333333,10.049722222222
357,Oberbalm,46.873333333333,7.4038888888889
3572,Falera,46.82735,9.2085
3575,Laax,46.799722222222,9.25
3575,Laax,46.84595,9.22791
358,Stettlen,46.959444444444,7.5236111111111
3581,Sagogn,46.7922,9.2558
3582,Schluein,46.783055555556,9.2330555555556
359,Vechigen,46.946944444444,7.5625
360,Wohlen bei Bern,46.971944444444,7.3569444444444
3603,Vals,46.616388888889,9.1833333333333
361,Zollikofen,46.999722222222,7.4569444444444
361,Zollikofen,46.999722222222,7.4569444444444
3617,Mundaun,46.75,9.1333333333333
3618,Lumnezia,46.716666666667,9.1833333333333
3619,Ilanz/Glion,46.775,9.206
362,Ittigen,46.9775,7.4791666666667
362,Ittigen,46.9775,7.4791666666667
363,Ostermundigen,46.955277777778,7.4833333333333
363,Ostermundigen,46.955277777778,7.4833333333333
3633,Fürstenau,46.716388888889,9.4333333333333
3637,Rothenbrunnen,46.766666666667,9.4166666666667
3638,Scharans,46.718,9.4589
3640,Sils im Domleschg,46.7,9.4497222222222
3661,Cazis,46.73716,9.42665
3662,Flerden,46.699722222222,9.3997222222222
3663,Masein,46.69735,9.42293
3668,Thusis,46.68854,9.43282
3669,Tschappina,46.683055555556,9.3833333333333
3670,Urmein,46.68597,9.40185
3672,Safiental,46.682492,9.315826
3673,Domleschg,46.76,9.45
3681,Avers,46.473888888889,9.5136111111111
3695,Sufers,46.570277777778,9.3663888888889
37,Ossingen,47.612777777778,8.7269444444444
3701,Andeer,46.603,9.4264
371,Biel/Bienne,47.137222222222,7.2472222222222
371,Biel/Bienne,47.137222222222,7.2472222222222
3711,Rongellen,46.67388,9.44055
3712,Zillis-Reischen,46.633055555556,9.4330555555556
3713,Ferrera,46.55,9.4333333333333
3714,Rheinwald,46.53333333,9.2
3715,Muntogna da Schons,46.6289,9.4298
372,Evilard,47.151388888889,7.2388888888889
3721,Bonaduz,46.816388888889,9.4
3722,Domat/Ems,46.81981,9.45455
3723,Rhäzüns,46.799722222222,9.3997222222222
3731,Felsberg,46.833055555556,9.4663888888889
3732,Flims,46.833055555556,9.2830555555556
3733,Tamins,46.8294,9.4066
3734,Trin,46.86243,9.32992
3746,Zernez,46.699722222222,10.099722222222
3752,Samnaun,46.933333333333,10.35
3752,Samnaun,46.95222,10.36647
3762,Scuol,46.797,10.2995
3764,Valsot,46.83333,10.38334
3781,Bever,46.549722222222,9.8830555555556
3782,Celerina/Schlarigna,46.512138888889,9.8590555555556
3783,Madulain,46.583055555556,9.9330555555556
3784,Pontresina,46.499722222222,9.8997222222222
3785,La Punt Chamues-ch,46.566388888889,9.9163888888889
3786,Samedan,46.533611111111,9.8719444444444
3787,St. Moritz,46.497222222222,9.8377777777778
3787,St. Moritz,46.497222222222,9.8377777777778
3788,S-chanf,46.616388888889,9.9833333333333
3789,Sils im Engadin/Segl,46.433055555556,9.7663888888889
3790,Silvaplana,46.466666666667,9.7997222222222
3791,Zuoz,46.602,9.9598
3792,Bregaglia,46.333333333333,9.5833333333333
38,Rheinau,47.645833333333,8.6066666666667
3804,Buseno,46.273,9.10715
3805,Castaneda,46.249722222222,9.1330555555556
3808,Rossa,46.37333,9.12627
381,Arch,47.1679,7.4326
3810,Santa Maria in Calanca,46.266388888889,9.15
382,Büetigen,47.106944444444,7.3444444444444
3821,Lostallo,46.299722222222,9.1833333333333
3822,Mesocco,46.39146,9.23744
3823,Soazza,46.349722222222,9.2163888888889
383,Büren an der Aare,47.140277777778,7.3722222222222
3831,Cama,46.25979,9.2076
3832,Grono,46.2482,9.1477
3834,Roveredo,46.2348,9.1257
3835,San Vittore,46.238,9.1061
3837,Calanca,46.3,9.11667
3847,Val Müstair,46.6,10.416666666667
385,Diessbach bei Büren,47.109444444444,7.3625
3851,Davos,46.809055555556,9.8398333333333
3851,Davos,46.809055555556,9.8398333333333
386,Dotzigen,47.120555555556,7.3402777777778
3861,Fideris,46.88658,9.73945
3862,Furna,46.933055555556,9.6663888888889
3863,Jenaz,46.916388888889,9.7163888888889
387,Lengnau,47.181666666667,7.3666666666667
3871,Klosters,46.883333333333,9.8833388888889
388,Leuzigen,47.176111111111,7.4597222222222
3881,Conters im Prättigau,46.899722222222,9.7833333333333
3882,Küblis,46.914688888889,9.7742583333333
389,Meienried,47.14,7.3402777777778
3891,Luzein,46.9197,9.7668
39,Thalheim an der Thur,47.580555555556,8.7541666666667
390,Meinisberg,47.159444444444,7.3477777777778
3901,Chur,46.85212,9.52965
3901,Chur,46.85212,9.52965
391,Oberwil bei Büren,47.130277777778,7.4069444444444
3911,Churwalden,46.780833333333,9.5433333333333
392,Pieterlen,47.175,7.3388888888889
3921,Arosa,46.783055555556,9.6830555555556
393,Rüti bei Büren,47.152777777778,7.4055555555556
3932,Tschiertschen-Praden,46.816666666667,9.6
394,Wengi,47.083333333333,7.4
3945,Trimmis,46.895833333333,9.5641666666667
3946,Untervaz,46.9275,9.535
3947,Zizers,46.936111111111,9.5652777777778
3951,Fläsch,47.03974,9.53303
3952,Jenins,46.999722222222,9.55
3953,Maienfeld,47.007777777778,9.5308333333333
3954,Malans,46.981944444444,9.5761111111111
3955,Landquart,46.949722222222,9.5666666666667
3961,Grüsch,46.966388888889,9.6330555555556
3962,Schiers,46.966388888889,9.6833333333333
3972,Seewis im Prättigau,46.990277777778,9.6375
3981,Breil/Brigels,46.766388888889,9.0497222222222
3982,Disentis/Mustér,46.73425,8.84761
3982,Disentis/Mustér,46.699722222222,8.8497222222222
3983,Medel,46.633055555556,8.8330555555556
3985,Sumvitg,46.716388888889,8.9330555555556
3986,Tujetsch,46.683055555556,8.7666666666667
3987,Trun,46.74332,8.9831
3988,Obersaxen Mundaun,46.75,9.095
4,Hausen am Albis,47.244722222222,8.5344444444444
40,Trüllikon,47.639166666667,8.6930555555556
4001,Aarau,47.3923,8.0446
4001,Aarau,47.3923,8.0446
4002,Biberstein,47.4141,8.0818
4003,Buchs,47.388880555556,8.0746805555556
4004,Densbüren,47.455277777778,8.0536111111111
4005,Erlinsbach,47.399722222222,8.0125
4006,Gränichen,47.358333333333,8.0997222222222
4007,Hirschthal,47.320555555556,8.0516666666667
4008,Küttigen,47.416388888889,8.05
4009,Muhen,47.333055555556,8.0527777777778
401,Aefligen,47.095555555556,7.5569444444444
4010,Oberentfelden,47.359722222222,8.0486111111111
4012,Suhr,47.374722222222,8.0805555555556
4012,Suhr,47.374722222222,8.0805555555556
4013,Unterentfelden,47.369166666667,8.0416666666667
402,Alchenstorf,47.123888888889,7.6436111111111
4021,Baden,47.47291,8.30799
4021,Baden,47.47291,8.30799
4022,Bellikon,47.38909,8.34362
4023,Bergdietikon,47.394166666667,8.3861111111111
4024,Birmenstorf,47.463611111111,8.25
4026,Ennetbaden,47.481666666667,8.3166666666667
4027,Fislisbach,47.438611111111,8.2944444444444
4028,Freienwil,47.503,8.32654
4029,Gebenstorf,47.4795,8.24235
403,Bäriswil,47.016666666667,7.5333333333333
4030,Killwangen,47.4316,8.34605
4031,Künten,47.38959,8.33028
4032,Mägenwil,47.413611111111,8.2333333333333
4033,Mellingen,47.419166666667,8.2763888888889
4034,Neuenhof,47.446944444444,8.3291666666667
4035,Niederrohrdorf,47.42347,8.30485
4036,Oberehrendingen,47.496944444444,8.3402777777778
4037,Oberrohrdorf,47.421944444444,8.3166666666667
4038,Obersiggenthal,47.48691,8.29215
4039,Remetschwil,47.410833333333,8.3319444444444
404,Burgdorf,47.056666666667,7.6263888888889
404,Burgdorf,47.056666666667,7.6263888888889
4040,Spreitenbach,47.41811,8.3661
4040,Spreitenbach,47.41811,8.3661
4041,Stetten,47.401388888889,8.3069444444444
4044,Untersiggenthal,47.50205,8.2538
4045,Wettingen,47.46586,8.32666
4045,Wettingen,47.46586,8.32666
4046,Wohlenschwil,47.41152,8.25903
4047,Würenlingen,47.5322,8.2566
4048,Würenlos,47.44184,8.36467
4049,Ehrendingen,47.49952,8.34434
405,Ersigen,47.091666666667,7.5941666666667
406,Hasle bei Burgdorf,47.017777777778,7.6555555555556
4061,Arni,47.319166666667,8.4222222222222
4062,Berikon,47.3525,8.3736111111111
4063,Bremgarten,47.352777777778,8.34
4064,Büttikon,47.329166666667,8.2691666666667
4065,Dottikon,47.384444444444,8.2402777777778
4066,Eggenwil,47.370555555556,8.3402777777778
4067,Fischbach-Göslikon,47.371944444444,8.3069444444444
4068,Hägglingen,47.38914,8.25225
407,Heimiswil,47.064444444444,7.6597222222222
4071,Jonen,47.298333333333,8.3972222222222
4072,Niederwil,47.380277777778,8.2972222222222
4073,Oberlunkhofen,47.3125,8.39765
4074,Oberwil-Lieli,47.333333333333,8.3833333333333
4075,Rudolfstetten-Friedlisberg,47.369166666667,8.3819444444444
4076,Sarmenstorf,47.312222222222,8.25
4077,Tägerig,47.403888888889,8.2805555555556
4078,Uezwil,47.316388888889,8.275
4079,Unterlunkhofen,47.321944444444,8.3819444444444
408,Hellsau,47.14372,7.64832
4080,Villmergen,47.348333333333,8.2455555555556
4081,Widen,47.37005,8.35807
4082,Wohlen,47.350555555556,8.2777777777778
4082,Wohlen,47.350555555556,8.2777777777778
4083,Zufikon,47.34591,8.35945
4084,Islisberg,47.32313,8.43938
409,Hindelbank,47.044166666667,7.5402777777778
4091,Auenstein,47.417777777778,8.1358333333333
4092,Birr,47.435833333333,8.2027777777778
4093,Birrhard,47.434444444444,8.2458333333333
4095,Brugg,47.486388888889,8.2083333333333
4095,Brugg,47.486388888889,8.2083333333333
4099,Habsburg,47.463611111111,8.1861111111111
41,Truttikon,47.629722222222,8.7275
410,Höchstetten,47.143888888889,7.6316666666667
4100,Hausen,47.462222222222,8.2138888888889
4104,Lupfig,47.441388888889,8.2
4105,Mandach,47.548333333333,8.1858333333333
4106,Mönthal,47.519166666667,8.1402777777778
4107,Mülligen,47.458055555556,8.2402777777778
411,Kernenried,47.068888888889,7.5458333333333
4110,Remigen,47.516388888889,8.1875
4111,Riniken,47.495555555556,8.1875
4112,Rüfenach,47.509444444444,8.2080555555556
4114,Schinznach-Bad,47.449722222222,8.1694444444444
4115,Schinznach-Dorf,47.448333333333,8.1444444444444
4117,Thalheim,47.437222222222,8.1041666666667
412,Kirchberg,47.085833333333,7.5861111111111
4120,Veltheim,47.44,8.1483333333333
4121,Villigen,47.5262,8.2196
4122,Villnachern,47.471388888889,8.1608333333333
4123,Windisch,47.480277777778,8.2222222222222
4124,Bözberg,47.5,8.15
4125,Schinznach,47.448611,8.144452
413,Koppigen,47.134444444444,7.6041666666667
4131,Beinwil am See,47.267777777778,8.2025
4132,Birrwil,47.29024,8.19622
4134,Dürrenäsch,47.321944444444,8.1569444444444
4135,Gontenschwil,47.273333333333,8.1472222222222
4136,Holziken,47.321944444444,8.0388888888889
4137,Leimbach,47.273333333333,8.1694444444444
4138,Leutwil,47.309444444444,8.175
4139,Menziken,47.24,8.1916666666667
414,Krauchthal,47.010833333333,7.5680555555556
4140,Oberkulm,47.3,8.1236111111111
4141,Reinach,47.253888888889,8.1833333333333
4142,Schlossrued,47.291388888889,8.0913888888889
4143,Schmiedrued,47.263888888889,8.1125
4144,Schöftland,47.305277777778,8.0527777777778
4145,Teufenthal,47.331666666667,8.1166666666667
4146,Unterkulm,47.312222222222,8.115
4147,Zetzwil,47.288611111111,8.1527777777778
415,Lyssach,47.064444444444,7.5794444444444
4161,Eiken,47.533055555556,7.9902777777778
4163,Frick,47.508055555556,8.0222222222222
4164,Gansingen,47.544166666667,8.1347222222222
4165,Gipf-Oberfrick,47.499722222222,8.0055555555556
4169,Kaisten,47.54,8.0458333333333
4170,Laufenburg,47.560833333333,8.0594444444444
4172,Münchwilen,47.538611111111,7.9638888888889
4173,Oberhof,47.451111111111,8.0069444444444
4175,Oeschgen,47.521944444444,8.0180555555556
4176,Schwaderloch,47.585833333333,8.1441666666667
4177,Sisseln,47.554444444444,7.9902777777778
418,Oberburg,47.038888888889,7.6275
4181,Wittnau,47.481111111111,7.9777777777778
4182,Wölflinswil,47.4611,7.9979
4183,Zeihen,47.4775,8.0847222222222
4184,Mettauertal,47.561061111111,8.13255
4185,Böztal,47.5,8.0630555555556
4186,Herznach-Ueken,47.473055555556,8.0516666666667
4191,Ammerswil,47.369166666667,8.2066666666667
4192,Boniswil,47.317777777778,8.1858333333333
4193,Brunegg,47.419444444444,8.2177777777778
4194,Dintikon,47.365,8.2291666666667
4195,Egliswil,47.34985,8.18629
4196,Fahrwangen,47.295833333333,8.2430555555556
4197,Hallwil,47.330277777778,8.1786111111111
4198,Hendschiken,47.387222222222,8.2194444444444
4199,Holderbank,47.433055555556,8.1680555555556
420,Rüdtligen-Alchenflüh,47.084444444444,7.5819444444444
4200,Hunzenschwil,47.385833333333,8.1263888888889
4201,Lenzburg,47.3875,8.1802777777778
4201,Lenzburg,47.3875,8.1802777777778
4202,Meisterschwanden,47.296111111111,8.2302777777778
4203,Möriken-Wildegg,47.416388888889,8.1830555555556
4204,Niederlenz,47.4025,8.1763888888889
4205,Othmarsingen,47.40115,8.21528
4206,Rupperswil,47.4025,8.1277777777778
4207,Schafisheim,47.378888888889,8.1430555555556
4208,Seengen,47.3275,8.2083333333333
4209,Seon,47.345833333333,8.1597222222222
421,Rumendingen,47.105277777778,7.6441666666667
4210,Staufen,47.383333333333,8.1666666666667
422,Rüti bei Lyssach,47.056388888889,7.5769444444444
4221,Abtwil,47.176111111111,8.3555555555556
4222,Aristau,47.28563,8.36236
4223,Auw,47.212222222222,8.3663888888889
4224,Beinwil (Freiamt),47.231666666667,8.3455555555556
4226,Besenbüren,47.315,8.3458333333333
4227,Bettwil,47.291388888889,8.2663888888889
4228,Boswil,47.301111111111,8.3138888888889
4229,Bünzen,47.310833333333,8.3261111111111
423,Willadingen,47.145,7.6147222222222
4230,Buttwil,47.26769,8.31113
4231,Dietwil,47.14877,8.39204
4232,Geltwil,47.2495,8.32353
4233,Kallern,47.313611111111,8.2944444444444
4234,Merenschwand,47.262222222222,8.3775
4235,Mühlau,47.230277777778,8.3916666666667
4236,Muri,47.274722222222,8.3416666666667
4237,Oberrüti,47.1661,8.39481
4238,Rottenschwil,47.31375,8.36202
4239,Sins,47.191388888889,8.3969444444444
424,Wynigen,47.106666666667,7.6680555555556
4240,Waltenschwil,47.335833333333,8.3052777777778
4251,Hellikon,47.5097,7.9229
4252,Kaiseraugst,47.541388888889,7.7277777777778
4253,Magden,47.528888888889,7.8152777777778
4254,Möhlin,47.558333333333,7.8458333333333
4254,Möhlin,47.558333333333,7.8458333333333
4255,Mumpf,47.547222222222,7.9194444444444
4256,Obermumpf,47.531666666667,7.9375
4257,Olsberg,47.523333333333,7.7847222222222
4258,Rheinfelden,47.553888888889,7.7958333333333
4259,Schupfart,47.515277777778,7.9666666666667
4260,Stein,47.544166666667,7.9513888888889
4261,Wallbach,47.560833333333,7.9041666666667
4262,Wegenstetten,47.5,7.9333333333333
4263,Zeiningen,47.542777777778,7.8708333333333
4264,Zuzgen,47.526111111111,7.9
4271,Aarburg,47.320555555556,7.9013888888889
4273,Bottenwil,47.285833333333,8.0052777777778
4274,Brittnau,47.260833333333,7.9472222222222
4275,Kirchleerau,47.277777777778,8.0694444444444
4276,Kölliken,47.3375,8.0236111111111
4277,Moosleerau,47.269166666667,8.0652777777778
4279,Murgenthal,47.266388888889,7.8333333333333
4280,Oftringen,47.315,7.9236111111111
4280,Oftringen,47.315,7.9236111111111
4281,Reitnau,47.2525,8.0444444444444
4282,Rothrist,47.302777777778,7.8833333333333
4283,Safenwil,47.319166666667,7.9833333333333
4284,Staffelbach,47.283055555556,8.0472222222222
4285,Strengelbach,47.281666666667,7.9291666666667
4286,Uerkheim,47.305277777778,8.025
4287,Vordemwald,47.276111111111,7.9
4288,Wiliberg,47.269444444444,8.0222222222222
4289,Zofingen,47.28836,7.94754
4289,Zofingen,47.28836,7.94754
43,Volken,47.575,8.6261111111111
4301,Baldingen,47.555277777778,8.3163888888889
4302,Böbikon,47.555277777778,8.3344444444444
4303,Böttstein,47.556666666667,8.2247222222222
4304,Döttingen,47.570555555556,8.2597222222222
4305,Endingen,47.538611111111,8.2902777777778
4306,Fisibach,47.563611111111,8.4094444444444
4307,Full-Reuenthal,47.607222222222,8.1986944444444
4308,Kaiserstuhl,47.568611111111,8.4191666666667
4309,Klingnau,47.583055555556,8.25
431,Corgémont,47.19107,7.13857
4310,Koblenz AG,47.609722222222,8.2372222222222
4311,Leibstadt,47.590277777778,8.1763888888889
4312,Lengnau,47.522222222222,8.3305555555556
4313,Leuggern,47.581944444444,8.2194444444444
4314,Mellikon,47.569166666667,8.3541666666667
4315,Rekingen,47.570555555556,8.3236111111111
4316,Rietheim,47.6025,8.2791666666667
4317,Rümikon,47.566666666667,8.3788888888889
4318,Schneisingen,47.519166666667,8.3666666666667
4319,Siglistorf,47.545833333333,8.3805555555556
432,Cormoret,47.175,7.0555555555556
4320,Tegerfelden,47.5619,8.28483
4322,Wislikofen,47.558055555556,8.3638888888889
4323,Bad Zurzach,47.587222222222,8.2944444444444
4324,Zurzach,47.587711111111,8.2933111111111
433,Cortébert,47.183333333333,7.1
434,Courtelary,47.179166666667,7.0722222222222
435,La Ferrière,47.14336,6.90027
437,Mont-Tramelan,47.211111111111,7.0541666666667
438,Orvin,47.160555555556,7.2138888888889
4401,Arbon,47.516666666667,9.4333333333333
4401,Arbon,47.516666666667,9.4333333333333
4406,Dozwil,47.566666666667,9.3163888888889
441,Renan,47.1261,6.9259
4411,Egnach,47.526787,9.36488
4416,Hefenhofen,47.563888888889,9.3013888888889
442,Romont,47.190277777778,7.3416666666667
4421,Horn,47.495305555556,9.4630277777778
4426,Kesswil,47.58756,9.3129
443,Saint-Imier,47.152777777778,7.0
4431,Roggwil,47.499444444444,9.395
4436,Romanshorn,47.56354,9.35639
4436,Romanshorn,47.56354,9.35639
444,Sonceboz-Sombeval,47.197222222222,7.1791666666667
4441,Salmsach,47.549722222222,9.3663888888889
4446,Sommeri,47.566388888889,9.2833333333333
445,Sonvilier,47.139444444444,6.9652777777778
4451,Uttwil,47.5844,9.34101
446,Tramelan,47.223333333333,7.1013888888889
4461,Amriswil,47.549722222222,9.3
4461,Amriswil,47.549722222222,9.3
4471,Bischofszell,47.499722222222,9.2333333333333
4476,Erlen,47.549722222222,9.2330555555556
448,Villeret,47.159444444444,7.0194444444444
4486,Hauptwil-Gottshaus,47.466388888889,9.2830555555556
449,Sauge,47.187224,7.300007
4495,Hohentannen,47.5,9.2163888888889
450,Péry-La Heutte,47.194169,7.250004
4501,Kradolf-Schönenberg,47.516388888889,9.1830555555556
4506,Sulgen,47.54235,9.19313
4511,Zihlschlacht-Sitterdorf,47.516666666667,9.2663888888889
4536,Basadingen-Schlattingen,47.666666666667,8.7497222222222
4545,Diessenhofen,47.683333333333,8.7497222222222
4546,Schlatt,47.649722222222,8.6997222222222
4551,Aadorf,47.493888888889,8.8975
4561,Felben-Wellhausen,47.576944444444,8.9427777777778
4566,Frauenfeld,47.555833333333,8.8963888888889
4566,Frauenfeld,47.555833333333,8.8963888888889
4571,Gachnang,47.533055555556,8.85
4590,Hüttlingen,47.583055555556,8.9833333333333
4591,Matzingen,47.519722222222,8.9325
4601,Neunforn,47.599722222222,8.7830555555556
4606,Stettfurt,47.526111111111,8.9555555555556
4611,Thundorf,47.547222222222,8.9644444444444
4616,Uesslingen-Buch,47.583055555556,8.8166666666667
4621,Warth-Weiningen,47.583055555556,8.8663888888889
4641,Altnau,47.60732,9.26118
4643,Bottighofen,47.639722222222,9.2013888888889
4646,Ermatingen,47.669166666667,9.0797222222222
4651,Gottlieben,47.6643,9.1338111111111
4656,Güttingen,47.59645,9.28637
4666,Kemmental,47.616388888889,9.1663888888889
4671,Kreuzlingen,47.645833333333,9.1783333333333
4671,Kreuzlingen,47.645833333333,9.1783333333333
4681,Langrickenbach,47.593611111111,9.2475
4683,Lengwil,47.616388888889,9.1830555555556
4691,Münsterlingen,47.6313,9.2337
4696,Tägerwilen,47.655555555556,9.1311111111111
4701,Wäldi,47.633333333333,9.0830555555556
4711,Affeltrangen,47.516388888889,9.0166666666667
4716,Bettwiesen,47.5,9.0333333333333
4721,Bichelsee-Balterswil,47.449722222222,8.9163888888889
4723,Braunau,47.499722222222,9.0666666666667
4724,Eschlikon,47.461,8.959
4726,Fischingen,47.416388888889,8.9666666666667
4741,Lommis,47.516388888889,8.9830555555556
4746,Münchwilen,47.48146,8.99239
4751,Rickenbach,47.449722222222,9.0497222222222
4752,Wilen,47.45,9.0333333333333
4756,Schönholzerswilen,47.5163,9.1403
4761,Sirnach,47.466388888889,8.9997222222222
4776,Tobel-Tägerschen,47.516666666667,9.0330555555556
4781,Wängi,47.5,8.9497222222222
4786,Wilen,47.45,9.0333333333333
4791,Wuppenau,47.497222222222,9.1088888888889
4801,Berlingen,47.666388888889,9.0163888888889
4806,Eschenz,47.65,8.8663888888889
4811,Herdern,47.599722222222,8.8997222222222
4816,Homburg,47.633333333333,9.0163888888889
4821,Hüttwilen,47.599722222222,8.8666666666667
4826,Mammern,47.645277777778,8.9155555555556
4831,Müllheim,47.60279,9.00367
4841,Pfyn,47.60222,8.95268
4846,Raperswilen,47.63676,9.04676
4851,Salenstein,47.673611111111,9.0497222222222
4864,Steckborn,47.666388888889,8.9830555555556
4871,Wagenhausen,47.659722222222,8.8486111111111
4881,Amlikon-Bissegg,47.566388888889,9.0497222222222
4891,Berg,47.566388888889,9.1663888888889
4901,Birwinken,47.583333333333,9.2
491,Brüttelen,47.02398,7.15119
4911,Bürglen,47.549722222222,9.1497222222222
492,Erlach,47.0426,7.0974
4921,Bussnang,47.558333333333,9.0838888888889
493,Finsterhennen,47.02065,7.17924
494,Gals,47.0271,7.0489
4941,Märstetten,47.6,9.0663888888889
4946,Weinfelden,47.5698,9.112
4946,Weinfelden,47.5698,9.112
495,Gampelen,47.014444444444,7.0580555555556
4951,Wigoltingen,47.5958,9.0329
496,Ins,47.0,7.1
497,Lüscherz,47.033055555556,7.1333333333333
498,Müntschemier,46.99552,7.14596
499,Siselen,47.03258,7.19602
5,Hedingen,47.298611111111,8.4494444444444
500,Treiten,47.00669,7.16458
5001,Arbedo-Castione,46.216666666667,9.05
5002,Bellinzona,46.195555,9.023809
5002,Bellinzona,46.195555,9.023809
5003,Cadenazzo,46.15,8.95
5007,Gorduno,46.216666666667,9.0333333333333
5009,Isone,46.133333333333,8.9833333333333
501,Tschugg,47.02371,7.07757
5010,Lumino,46.2383,9.06804
5013,Monte Carasso,46.183333333333,9.0
5017,Sant'Antonino,46.15,8.9833333333333
502,Vinelz,47.032816666667,7.1112861111111
5048,Acquarossa,46.45993,8.92733
5049,Blenio,46.533333333333,8.95
5050,Serravalle,46.416667,8.983333
5061,Airolo,46.533333333333,8.6166666666667
5063,Bedretto,46.5,8.5166666666667
5071,Dalpe,46.466666666667,8.7666666666667
5072,Faido,46.483333333333,8.8
5073,Giornico,46.4,8.8666666666667
5076,Personico,46.366666666667,8.9166666666667
5077,Pollegio,46.35,8.9333333333333
5079,Quinto,46.516666666667,8.7
5091,Ascona,46.15,8.7666666666667
5096,Brione sopra Minusio,46.183333333333,8.8166666666667
5097,Brissago,46.116666666667,8.7
51,Bachenbülach,47.503888888889,8.5458333333333
5108,Gordola,46.18838,8.86378
5112,Lavertezzo,46.1755,8.8961111111111
5113,Locarno,46.166388888889,8.7997222222222
5113,Locarno,46.166388888889,8.7997222222222
5115,Losone,46.16894,8.74207
5117,Mergoscia,46.216666666667,8.85
5118,Minusio,46.183333333333,8.8166666666667
5120,Muralto,46.166666666667,8.8
5121,Orselina,46.183333333333,8.8
5125,Ronco sopra Ascona,46.133333333333,8.7333333333333
5131,Tenero-Contra,46.183333333333,8.85
5136,Onsernone,46.2,8.6166666666667
5137,Isorno,46.2,8.6666666666667
5138,Cugnasco-Gerra,46.166666666667,8.9166666666667
5141,Agno,46.00017,8.90012
5143,Aranno,46.016666666667,8.8666666666667
5144,Arogno,45.966666666667,8.9833333333333
5148,Bedano,46.05,8.9166666666667
5151,Bioggio,46.016666666667,8.9
5154,Bissone,45.95,8.9666666666667
5160,Brusino Arsizio,45.92824,8.93865
5161,Cademario,46.016666666667,8.9
5162,Cadempino,46.033333333333,8.9333333333333
5167,Canobbio,46.033333333333,8.9666666666667
5171,Caslano,45.96989,8.87952
5176,Comano,46.033333333333,8.95
5180,Cureglia,46.033333333333,8.95
5186,Grancia,45.966666666667,8.9333333333333
5187,Gravesano,46.05,8.9166666666667
5189,Lamone,46.05,8.9333333333333
5192,Lugano,46.010277777778,8.9625
5192,Lugano,46.010277777778,8.9625
5193,Magliaso,45.983333333333,8.8833333333333
5194,Manno,46.033333333333,8.9166666666667
5196,Massagno,46.016666666667,8.95
5198,Melide,45.95,8.95
5199,Mezzovico-Vira,46.1,8.9166666666667
52,Bassersdorf,47.443055555556,8.6283333333333
52,Bassersdorf,47.443055555556,8.6283333333333
520,Montfavergier,47.316666666667,7.0833333333333
5203,Morcote,45.925,8.916
5205,Muzzano,45.9976,8.9205
5206,Neggio,45.983333333333,8.8833333333333
5208,Origlio,46.05,8.95
5209,Pambio-Noranco,45.988888888889,8.9338888888889
5210,Paradiso,45.983333333333,8.95
5212,Ponte Capriasca,46.066666666667,8.95
5214,Porza,46.016666666667,8.95
5216,Pura,45.98316,8.86551
5221,Savosa,46.016666666667,8.95
5225,Sorengo,46.0,8.9333333333333
5226,Capriasca,46.066666666667,8.9666666666667
5227,Torricella-Taverne,46.066666666667,8.9166666666667
5230,Vernate,46.0,8.8833333333333
5231,Vezia,46.016666666667,8.9333333333333
5233,Vico Morcote,45.933333333333,8.9166666666667
5236,Collina d'Oro,45.983333333333,8.9166666666667
5237,Alto Malcantone,46.033333333333,8.8833333333333
5238,Monteceneri,46.125,8.92
5239,Tresa,45.999,8.817
5240,Val Mara,45.916666666667,8.9833333333333
5242,Balerna,45.85,9.0
5249,Castel San Pietro,45.88233,9.01528
5250,Chiasso,45.83203,9.03119
5250,Chiasso,45.83535,9.03203
5250,Chiasso,45.83203,9.03119
5250,Chiasso,45.83535,9.03203
5251,Coldrerio,45.85,8.9833333333333
5254,Mendrisio,45.866666666667,8.9833333333333
5254,Mendrisio,45.866666666667,8.9833333333333
5257,Morbio Inferiore,45.85,9.0166666666667
5258,Morbio Superiore,45.866666666667,9.0166666666667
5259,Muggio,45.9,9.05
5260,Novazzano,45.85,8.9833333333333
5263,Riva San Vitale,45.9,8.9666666666667
5266,Stabio,45.85,8.9333333333333
5268,Vacallo,45.85,9.0333333333333
5269,Breggia,45.862780555556,9.0230638888889
5281,Biasca,46.35,8.9666666666667
5287,Riviera,46.304833333333,8.9899166666667
53,Bülach,47.518888888889,8.5422222222222
53,Bülach,47.518888888889,8.5422222222222
5304,Bosco/Gurin,46.316666666667,8.5
5307,Campo (Vallemaggia),46.283333333333,8.4833333333333
5309,Cerentino,46.3,8.5333333333333
5310,Cevio,46.3783,8.54233
5315,Linescio,46.3,8.5833333333333
5317,Maggia,46.248,8.708
5319,Moghegno,46.2407,8.70655
5321,Prato-Sornico,46.3964,8.6552
5323,Lavizzara,46.433333333333,8.65
5324,Avegno Gordevio,46.2,8.75
533,Bätterkinden,47.133333333333,7.5333333333333
535,Deisswil bei Münchenbuchsee,47.034166666667,7.4558333333333
538,Fraubrunnen,47.085,7.5269444444444
5395,Lema,46.01,8.86
5396,Terre di Pedemonte,46.183327,8.733332
5397,Centovalli,46.15917,8.64596
5398,Gambarogno,46.1339,8.8334
5399,Verzasca,46.222472222222,8.8588055555556
54,Dietlikon,47.42,8.6191666666667
540,Jegenstorf,47.049722222222,7.5069444444444
5401,Aigle,46.3173,6.9646
5401,Aigle,46.3173,6.9646
5402,Bex,46.25,7.0166666666667
5403,Chessel,46.34959,6.89547
5404,Corbeyrier,46.36956,6.97975
5405,Gryon,46.2906,7.0975
5406,Lavey-Morcles,46.2,7.0333333333333
5407,Leysin,46.333333333333,7.0
5408,Noville,46.383333333333,6.9
5409,Ollon,46.29731,6.99348
541,Iffwil,47.063888888889,7.4780555555556
5410,Ormont-Dessous,46.366666666667,7.05
5411,Ormont-Dessus,46.35,7.15
5412,Rennaz,46.366666666667,6.9166666666667
5413,Roche,46.35,6.9166666666667
5414,Villeneuve,46.396388888889,6.925
5415,Yvorne,46.333333333333,6.95
5422,Aubonne,46.5,6.3833333333333
5423,Ballens,46.55,6.3666666666667
5424,Berolle,46.55,6.3333333333333
5425,Bière,46.533333333333,6.3333333333333
5426,Bougy-Villars,46.483333333333,6.35
5427,Féchy,46.483333333333,6.3666666666667
5428,Gimel,46.51015,6.30658
5429,Longirod,46.5,6.2666666666667
543,Mattstetten,47.029444444444,7.5136111111111
5430,Marchissy,46.487777777778,6.2469444444444
5431,Mollens,46.583333333333,6.3666666666667
5434,Saint-George,46.516666666667,6.2666666666667
5435,Saint-Livres,46.5095,6.38563
5436,Saint-Oyens,46.5,6.3166666666667
5437,Saubraz,46.516666666667,6.3333333333333
544,Moosseedorf,47.0175,7.4819444444444
5451,Avenches,46.88,7.0398
5456,Cudrefin,46.95213,7.02707
5458,Faoug,46.90243,7.07442
546,Münchenbuchsee,47.016388888889,7.45
546,Münchenbuchsee,47.016388888889,7.45
5464,Vully-les-Lacs,46.924169444444,7.0233361111111
5471,Bettens,46.633333333333,6.5833333333333
5472,Bournens,46.6,6.5666666666667
5473,Boussens,46.6,6.5833333333333
5474,La Chaux (Cossonay),46.616,6.4727
5475,Chavannes-le-Veyron,46.6,6.45
5476,Chevilly,46.65,6.4833333333333
5477,Cossonay,46.616666666667,6.5166666666667
5479,Cuarnens,46.633333333333,6.4333333333333
5480,Daillens,46.616666666667,6.55
5481,Dizy,46.633333333333,6.5
5482,Eclépens,46.65,6.5333333333333
5483,Ferreyres,46.666666666667,6.4833333333333
5484,Gollion,46.583333333333,6.5166666666667
5485,Grancy,46.59208,6.4658
5486,L'Isle,46.616666666667,6.4166666666667
5487,Lussery-Villars,46.633333333333,6.5333333333333
5488,Mauraz,46.6,6.4166666666667
5489,Mex,46.57746,6.55921
5490,Moiry,46.65,6.45
5491,Mont-la-Ville,46.645833333333,6.4094444444444
5492,Montricher,46.6,6.3666666666667
5493,Orny,46.6684,6.52691
5495,Penthalaz,46.61277,6.52912
5496,Penthaz,46.6,6.5333333333333
5497,Pompaples,46.666666666667,6.5166666666667
5498,La Sarraz,46.65798,6.50837
5499,Senarclens,46.6,6.4833333333333
55,Eglisau,47.57335,8.52607
5501,Sullens,46.6,6.5666666666667
5503,Vufflens-la-Ville,46.583333333333,6.5333333333333
551,Urtenen-Schönbühl,47.033333333333,7.5
5511,Assens,46.61778,6.62738
5512,Bercher,46.69163,6.70623
5514,Bottens,46.616666666667,6.6666666666667
5515,Bretigny-sur-Morrens,46.6,6.6333333333333
5516,Cugy,46.58146,6.64373
5518,Echallens,46.633333333333,6.6333333333333
552,Utzenstorf,47.126944444444,7.5572222222222
5520,Essertines-sur-Yverdon,46.716666666667,6.6333333333333
5521,Etagnières,46.6,6.6166666666667
5522,Fey,46.67289,6.68008
5523,Froideville,46.59817,6.69177
5527,Morrens,46.583333333333,6.6333333333333
5529,Oulens-sous-Echallens,46.65,6.5833333333333
553,Wiggiswil,47.029444444444,7.4688888888889
5530,Pailly,46.69974,6.67349
5531,Penthéréaz,46.683333333333,6.6
5533,Poliez-Pittet,46.633333333333,6.6833333333333
5534,Rueyres,46.69384,6.69351
5535,Saint-Barthélemy,46.633333333333,6.6
5537,Villars-le-Terroir,46.65,6.6333333333333
5539,Vuarrens,46.683333333333,6.65
554,Wiler bei Utzenstorf,47.151388888889,7.5583333333333
5540,Montilliez,46.65,6.6666666666667
5541,Goumoëns,46.65,6.6
555,Zauggenried,47.072777777778,7.5405555555556
5551,Bonvillars,46.8378,6.6713
5552,Bullet,46.84263,6.55689
5553,Champagne,46.83576,6.65159
5554,Concise,46.851,6.7205
5555,Corcelles-près-Concise,46.833333333333,6.7
5556,Fiez,46.833333333333,6.6166666666667
5557,Fontaines-sur-Grandson,46.833333333333,6.6166666666667
5559,Giez,46.816666666667,6.6166666666667
556,Zielebach,47.158611111111,7.5763888888889
5560,Grandevent,46.833333333333,6.6
5561,Grandson,46.8085,6.6443
5562,Mauborget,46.86678,6.6082
5563,Mutrux,46.883333333333,6.7166666666667
5564,Novalles,46.816666666667,6.5833333333333
5565,Onnens,46.833333333333,6.6833333333333
5566,Provence,46.90124,6.68415
5568,Sainte-Croix,46.82369,6.48894
557,Zuzwil,47.051666666667,7.4725
5571,Tévenon,46.846671,6.625556
5581,Belmont-sur-Lausanne,46.52652,6.68762
5582,Cheseaux-sur-Lausanne,46.583333333333,6.6
5583,Crissier,46.55,6.5833333333333
5583,Crissier,46.55,6.5833333333333
5584,Epalinges,46.55,6.6666666666667
5585,Jouxtens-Mézery,46.55,6.6
5586,Lausanne,46.533333333333,6.6333333333333
5586,Lausanne,46.533333333333,6.6333333333333
5587,Le Mont-sur-Lausanne,46.55,6.6333333333333
5588,Paudex,46.50837,6.67369
5589,Prilly,46.533333333333,6.6
5589,Prilly,46.533333333333,6.6
5590,Pully,46.516666666667,6.6666666666667
5590,Pully,46.516666666667,6.6666666666667
5591,Renens,46.53528,6.58971
5591,Renens,46.53528,6.58971
5592,Romanel-sur-Lausanne,46.566666666667,6.6
56,Embrach,47.510277777778,8.5933333333333
5601,Chexbres,46.48432,6.78008
5604,Forel,46.53788,6.76288
5606,Lutry,46.51508,6.69902
5607,Puidoux,46.483333333333,6.7666666666667
5609,Rivaz,46.466666666667,6.7666666666667
561,Adelboden,46.493055555556,7.5586111111111
5610,Saint-Saphorin,46.466666666667,6.8
5611,Savigny,46.566666666667,6.7166666666667
5613,Bourg-en-Lavaux,46.5,6.7166666666667
562,Aeschi bei Spiez,46.649722222222,7.6830555555556
5621,Aclens,46.566666666667,6.5166666666667
5622,Bremblens,46.55,6.5166666666667
5623,Buchillon,46.466666666667,6.4166666666667
5624,Bussigny,46.55,6.55
5624,Bussigny,46.55,6.55
5627,Chavannes-près-Renens,46.52816,6.57625
5628,Chigny,46.519733333333,6.4772166666667
5629,Clarmont,46.55,6.45
563,Frutigen,46.583055555556,7.6497222222222
5631,Denens,46.516666666667,6.45
5632,Denges,46.52335,6.53903
5633,Echandens,46.533333333333,6.55
5634,Echichens,46.533333333333,6.5
5635,Ecublens,46.52758,6.56052
5635,Ecublens,46.52758,6.56052
5636,Etoy,46.483333333333,6.4166666666667
5637,Lavigny,46.50053,6.4081
5638,Lonay,46.533333333333,6.5166666666667
5639,Lully,46.5,6.4666666666667
564,Kandergrund,46.53618,7.67686
5640,Lussy-sur-Morges,46.5,6.45
5642,Morges,46.509447222222,6.4986111111111
5642,Morges,46.509447222222,6.4986111111111
5643,Préverenges,46.516666666667,6.5333333333333
5645,Romanel-sur-Morges,46.55,6.5166666666667
5646,Saint-Prex,46.483611111111,6.4575
5648,Saint-Sulpice,46.516666666667,6.5666666666667
5649,Tolochenaz,46.5,6.4666666666667
565,Kandersteg,46.496388888889,7.6744444444444
5650,Vaux-sur-Morges,46.533333333333,6.4666666666667
5651,Villars-Sainte-Croix,46.566666666667,6.5666666666667
5652,Villars-sous-Yens,46.516666666667,6.4333333333333
5653,Vufflens-le-Château,46.52583,6.46669
5654,Vullierens,46.57344,6.48081
5655,Yens,46.527,6.40671
5656,Hautemorges,46.56605,6.42507
566,Krattigen,46.65025,7.7402
5661,Boulens,46.683333333333,6.7166666666667
5663,Bussy-sur-Moudon,46.683333333333,6.8166666666667
5665,Chavannes-sur-Moudon,46.65,6.8
5669,Curtilles,46.7,6.85
567,Reichenbach im Kandertal,46.57532,7.73708
5671,Dompierre,46.71129,6.88008
5673,Hermenches,46.633333333333,6.7666666666667
5674,Lovatens,46.683333333333,6.8666666666667
5675,Lucens,46.70916,6.83732
5678,Moudon,46.66871,6.79743
5680,Ogens,46.716666666667,6.7166666666667
5683,Prévonloup,46.7,6.8833333333333
5684,Rossenges,46.65,6.7833333333333
5688,Syens,46.65,6.7833333333333
5690,Villars-le-Comte,46.716666666667,6.8
5692,Vucherens,46.616666666667,6.8
5693,Montanaire,46.666666666667,6.7333333333333
57,Freienstein-Teufen,47.532222222222,8.5847222222222
5701,Arnex-sur-Nyon,46.366666666667,6.1833333333333
5702,Arzier-Le Muids,46.455277777778,6.2127777777778
5703,Bassins,46.466666666667,6.2333333333333
5704,Begnins,46.433333333333,6.25
5705,Bogis-Bossey,46.35,6.1666666666667
5706,Borex,46.37873,6.17809
5707,Chavannes-de-Bogis,46.35,6.1666666666667
5708,Chavannes-des-Bois,46.316666666667,6.1333333333333
5709,Chéserex,46.416666666667,6.1666666666667
571,Beatenberg,46.699722222222,7.8
5710,Coinsins,46.416666666667,6.2333333333333
5711,Commugny,46.316666666667,6.1833333333333
5712,Coppet,46.32135,6.18907
5713,Crans,46.35,6.2
5714,Crassier,46.366666666667,6.1666666666667
5715,Duillier,46.416666666667,6.2333333333333
5716,Eysins,46.383333333333,6.2
5717,Founex,46.33644,6.18506
5718,Genolier,46.433333333333,6.2166666666667
5719,Gingins,46.416666666667,6.1833333333333
572,Bönigen,46.6864,7.8946
5720,Givrins,46.433333333333,6.2
5721,Gland,46.416666666667,6.2666666666667
5721,Gland,46.416666666667,6.2666666666667
5722,Grens,46.39377,6.19131
5723,Mies,46.3,6.1666666666667
5724,Nyon,46.381961666667,6.23888
5724,Nyon,46.381961666667,6.23888
5725,Prangins,46.4,6.25
5726,La Rippe,46.383333333333,6.15
5727,Saint-Cergue,46.45,6.15
5728,Signy-Avenex,46.389849444444,6.1973597222222
5729,Tannay,46.3,6.1833333333333
573,Brienz,46.749722222222,8.0333333333333
5730,Trélex,46.416666666667,6.2
5731,Le Vaud,46.477480555556,6.2336694444444
5732,Vich,46.433333333333,6.25
574,Brienzwiler,46.751388888889,8.1022222222222
5741,L'Abergement,46.75,6.4833333333333
5742,Agiez,46.716666666667,6.5
5743,Arnex-sur-Orbe,46.7,6.5166666666667
5744,Ballaigues,46.733333333333,6.4166666666667
5745,Baulmes,46.783333333333,6.5166666666667
5746,Bavois,46.683333333333,6.5666666666667
5747,Bofflens,46.7,6.5
5748,Bretonnières,46.716666666667,6.4666666666667
5749,Chavornay,46.70654,6.56898
575,Därligen,46.65335,7.81287
5750,Les Clées,46.733333333333,6.4666666666667
5752,Croy,46.69384,6.47567
5754,Juriens,46.683333333333,6.45
5755,Lignerolle,46.733333333333,6.45
5756,Montcherand,46.733333333333,6.5166666666667
5757,Orbe,46.724452777778,6.5322277777778
5758,La Praz,46.666666666667,6.4333333333333
5759,Premier,46.70409,6.44563
576,Grindelwald,46.625555555556,8.0333333333333
5760,Rances,46.76587,6.50753
5761,Romainmôtier-Envy,46.7,6.4666666666667
5762,Sergey,46.75115,6.50102
5763,Valeyres-sous-Rances,46.75,6.5333333333333
5764,Vallorbe,46.716666666667,6.3833333333333
5765,Vaulion,46.683333333333,6.3833333333333
5766,Vuiteboeuf,46.808066666667,6.549165
577,Gsteigwiler,46.65222,7.88894
578,Gündlischwand,46.616388888889,7.8997222222222
5785,Corcelles-le-Jorat,46.6,6.75
579,Habkern,46.75509,7.89003
5790,Maracon,46.55852,6.87899
5792,Montpreveyres,46.583333333333,6.7333333333333
5798,Ropraz,46.61099,6.75373
5799,Servion,46.566666666667,6.7833333333333
58,Glattfelden,47.560833333333,8.4994444444444
580,Hofstetten bei Brienz,46.753055555556,8.0761111111111
5803,Vulliens,46.616666666667,6.8
5804,Jorat-Menthue,46.65,6.716667
5805,Oron,46.566666666667,6.8333333333333
5806,Jorat-Mézières,46.595843,6.770271
581,Interlaken,46.68715,7.86487
581,Interlaken,46.68715,7.86487
5812,Champtauroz,46.766666666667,6.7833333333333
5813,Chevroux,46.883333333333,6.9
5816,Corcelles-près-Payerne,46.833333333333,6.9666666666667
5817,Grandcour,46.8718,6.9288
5819,Henniez,46.75,6.8833333333333
582,Iseltwald,46.7098,7.9636
5821,Missy,46.87618,6.97383
5822,Payerne,46.816666666667,6.9333333333333
5822,Payerne,46.816666666667,6.9333333333333
5827,Trey,46.766666666667,6.9166666666667
5828,Treytorrens,46.766666666667,6.8
5830,Villarzel,46.75,6.9166666666667
5831,Valbroye,46.76306,6.886943
584,Lauterbrunnen,46.599722222222,7.9086111111111
5841,Château-d’Oex,46.466666666667,7.1166666666667
5842,Rossinière,46.466666666667,7.0833333333333
5843,Rougemont,46.5004,7.20939
585,Leissigen,46.649722222222,7.7663888888889
5851,Allaman,46.466666666667,6.4
5852,Bursinel,46.433333333333,6.3
5853,Bursins,46.45,6.2833333333333
5854,Burtigny,46.466666666667,6.25
5855,Dully,46.433333333333,6.3
5856,Essertines-sur-Rolle,46.5,6.3166666666667
5857,Gilly,46.45,6.3
5858,Luins,46.45,6.2666666666667
5859,Mont-sur-Rolle,46.466666666667,6.3333333333333
586,Lütschental,46.633055555556,7.9497222222222
5860,Perroy,46.466666666667,6.3666666666667
5861,Rolle,46.45755,6.33167
5862,Tartegnin,46.4668,6.3157
5863,Vinzel,46.45042,6.27702
587,Matten bei Interlaken,46.67349,7.87411
5871,L'Abbaye,46.65,6.3166666666667
5872,Le Chenit,46.6,6.2333333333333
5873,Le Lieu,46.65,6.2833333333333
588,Niederried bei Interlaken,46.716388888889,7.9163888888889
5882,Chardonne,46.4886,6.82165
5883,Corseaux,46.466666666667,6.8333333333333
5884,Corsier-sur-Vevey,46.466666666667,6.85
5885,Jongny,46.48761,6.84659
5886,Montreux,46.435,6.9125
5886,Montreux,46.435,6.9125
5889,La Tour-de-Peilz,46.45,6.8666666666667
5889,La Tour-de-Peilz,46.45,6.8666666666667
589,Oberried am Brienzersee,46.735,7.955
5890,Vevey,46.466666666667,6.85
5890,Vevey,46.466666666667,6.85
5891,Veytaux,46.421388888889,6.9275
5892,Blonay – Saint-Légier,46.465283,6.894712
59,Hochfelden,47.524444444444,8.5166666666667
590,Ringgenberg,46.7029,7.8951
5902,Belmont-sur-Yverdon,46.75,6.6166666666667
5903,Bioley-Magnoux,46.733333333333,6.7166666666667
5904,Chamblon,46.783333333333,6.6
5905,Champvent,46.78302,6.57186
5907,Chavannes-le-Chêne,46.7801,6.78091
5908,Chêne-Pâquier,46.766666666667,6.7666666666667
5909,Cheseaux-Noréaz,46.783333333333,6.6833333333333
591,Saxeten,46.633055555556,7.8330555555556
5910,Cronay,46.75,6.7
5911,Cuarny,46.766666666667,6.6833333333333
5912,Démoret,46.75,6.75
5913,Donneloye,46.75,6.7166666666667
5914,Ependes,46.74483,6.60268
5919,Mathod,46.766666666667,6.5666666666667
592,Schwanden bei Brienz,46.749722222222,8.05
5921,Molondin,46.766666666667,6.75
5922,Montagny-près-Yverdon,46.783333333333,6.6166666666667
5923,Oppens,46.716666666667,6.7
5924,Orges,46.816666666667,6.5833333333333
5925,Orzens,46.716666666667,6.6833333333333
5926,Pomy,46.75831,6.66922
5928,Rovray,46.78887,6.76668
5929,Suchy,46.72132,6.60508
593,Unterseen,46.6872,7.8497
5930,Suscévaz,46.766666666667,6.5833333333333
5931,Treycovagnes,46.766666666667,6.6
5932,Ursins,46.733333333333,6.6666666666667
5933,Valeyres-sous-Montagny,46.8,6.6
5934,Valeyres-sous-Ursins,46.75,6.65
5935,Villars-Epeney,46.783333333333,6.7
5937,Vugelles-La Mothe,46.816666666667,6.5833333333333
5938,Yverdon-les-Bains,46.7785,6.6408333333333
5938,Yverdon-les-Bains,46.7785,6.6408333333333
5939,Yvonand,46.8,6.75
594,Wilderswil,46.666388888889,7.8666666666667
6,Kappel am Albis,47.228611111111,8.5272222222222
60,Höri,47.508611111111,8.51
6002,Brig-Glis,46.315916666667,7.9876194444444
6004,Eggerberg,46.3,7.8833333333333
6007,Naters,46.3237,7.9886
6008,Ried-Brig,46.316666666667,8.0166666666667
6009,Simplon,46.2,8.05
6010,Termen,46.316666666667,8.0166666666667
6011,Zwischbergen,46.166666666667,8.1166666666667
602,Arni,46.934722222222,7.6652777777778
6021,Ardon,46.2,7.25
6022,Chamoson,46.2,7.2166666666667
6023,Conthey,46.216666666667,7.3
6023,Conthey,46.2725,7.25479
6024,Nendaz,46.183333333333,7.3
6025,Vétroz,46.22584,7.27066
603,Biglen,46.92781,7.62667
6032,Bourg-Saint-Pierre,45.95,7.2
6033,Liddes,45.983333333333,7.1833333333333
6034,Orsières,46.033333333333,7.15
6034,Orsières,45.97225,7.10159
6035,Sembrancher,46.078,7.1512
6037,Val de Bagnes,46.080277777778,7.2116666666667
605,Bowil,46.8925,7.695
6052,Bellwald,46.433333333333,8.15
6054,Binn,46.366666666667,8.1833333333333
6056,Ernen,46.4,8.15
6057,Fiesch,46.4,8.1333333333333
6058,Fieschertal,46.5,8.1333333333333
606,Brenzikofen,46.817222222222,7.6133333333333
6061,Lax,46.383333333333,8.1166666666667
6064,Niederwald,46.433333333333,8.1833333333333
607,Freimettigen,46.8675,7.6275
6074,Münster-Geschinen,46.483333333333,8.25
6076,Obergoms,46.533333333333,8.35
6077,Goms,46.483326,8.249993
608,Grosshöchstetten,46.899722222222,7.6333333333333
6082,Ayent,46.283333333333,7.4
6082,Ayent,46.32796,7.4103
6083,Evolène,46.1128,7.4961
6084,Hérémence,46.183333333333,7.4
6087,Saint-Martin,46.166666666667,7.4333333333333
6089,Vex,46.216666666667,7.4
609,Häutligen,46.857222222222,7.6052777777778
6090,Mont-Noble,46.23,7.428877
61,Hüntwangen,47.596111111111,8.4938888888889
610,Herbligen,46.8275,7.6055555555556
6101,Agarn,46.283333333333,7.65
6102,Albinen,46.333333333333,7.6333333333333
6104,Ergisch,46.283333333333,7.7
6109,Inden,46.333333333333,7.6166666666667
611,Kiesen,46.819444444444,7.5858333333333
6110,Leuk,46.316666666667,7.6333333333333
6111,Leukerbad,46.383333333333,7.6333333333333
6112,Oberems,46.21525,7.68402
6113,Salgesch,46.3,7.5666666666667
6116,Varen,46.316666666667,7.6
6117,Guttet-Feschel,46.316666666667,7.65
6118,Gampel-Bratsch,46.316666666667,7.75
6119,Turtmann-Unterems,46.301943,7.703883
612,Konolfingen,46.883333333333,7.6166666666667
613,Landiswil,46.957222222222,7.6797222222222
6131,Bovernier,46.083333333333,7.0833333333333
6133,Fully,46.133333333333,7.1166666666667
6134,Isérables,46.164466666667,7.2433833333333
6135,Leytron,46.183333333333,7.2
6136,Martigny,46.1,7.07277777778
6136,Martigny,46.1,7.07277777778
6137,Martigny-Combe,46.083333333333,7.05
6139,Riddes,46.166666666667,7.2166666666667
614,Linden,46.85,7.6833333333333
6140,Saillon,46.166666666667,7.1833333333333
6141,Saxon,46.15,7.1666666666667
6142,Trient,46.05,7.0
615,Mirchel,46.895277777778,7.6466666666667
6151,Champéry,46.1750525,6.8713714
6152,Collombey-Muraz,46.266666666667,6.95
6153,Monthey,46.25,6.95
6153,Monthey,46.25,6.95
6154,Port-Valais,46.36763,6.85829
6154,Port-Valais,46.366666666667,6.8666666666667
6155,Saint-Gingolph,46.4,6.8
6156,Troistorrents,46.233333333333,6.9166666666667
6157,Val-d'Illiez,46.2,6.9
6158,Vionnaz,46.316666666667,6.9
6159,Vouvry,46.333333333333,6.8833333333333
616,Münsingen,46.87298,7.561
616,Münsingen,46.87298,7.561
617,Niederhünigen,46.877222222222,7.6363888888889
6172,Bister,46.366666666667,8.0666666666667
6173,Bitsch,46.333333333333,8.0
6177,Grengiols,46.366666666667,8.1
6181,Riederalp,46.383333333333,8.0333333333333
619,Oberdiessbach,46.839444444444,7.6191666666667
6191,Ausserberg,46.316666666667,7.85
6192,Blatten,46.416666666667,7.8166666666667
6193,Bürchen,46.266666666667,7.8166666666667
6194,Eischoll,46.266666666667,7.7666666666667
6195,Ferden,46.366666666667,7.75
6197,Kippel,46.383333333333,7.7666666666667
6198,Niedergesteln,46.316666666667,7.7666666666667
6199,Raron,46.31,7.8
62,Kloten,47.448055555556,8.5827777777778
62,Kloten,47.448055555556,8.5827777777778
620,Oberthal,46.916388888889,7.6663888888889
6201,Unterbäch,46.266666666667,7.7833333333333
6202,Wiler,46.40741,7.78703
6203,Mörel-Filet,46.357,8.048
6204,Steg-Hohtenn,46.283333333333,7.7833277777778
6205,Bettmeralp,46.3775,8.0708333
6211,Collonges,46.18036,7.05594
6211,Collonges,46.166666666667,7.0333333333333
6212,Dorénaz,46.15,7.05
6213,Evionnaz,46.1792,7.0225
6214,Finhaut,46.083,6.9767
6215,Massongex,46.25,6.9833333333333
6217,Saint-Maurice,46.219,7.0047
6218,Salvan,46.116666666667,7.0166666666667
6219,Vernayaz,46.133333333333,7.0333333333333
622,Oppligen,46.820277777778,7.5972222222222
6220,Vérossaz,46.216666666667,6.9833333333333
623,Rubigen,46.898611111111,7.5433333333333
6232,Chalais,46.266666666667,7.5
6235,Chippis,46.283333333333,7.5333333333333
6238,Grône,46.25,7.45
6239,Icogne,46.283333333333,7.4333333333333
6240,Lens,46.280555555556,7.4472222222222
6246,Saint-Léonard,46.25656,7.42695
6248,Sierre,46.2918,7.532
6252,Anniviers,46.2,7.5833333333333
6253,Crans-Montana,46.311944444444,7.4825
6254,Noble-Contrée,46.3,7.5333333333333
626,Walkringen,46.946666666667,7.62
6261,Arbaz,46.266666666667,7.3833333333333
6263,Grimisuat,46.266666666667,7.3833333333333
6265,Savièse,46.25,7.3333333333333
6266,Sion,46.23045,7.36606
6266,Sion,46.23045,7.36606
6267,Veysonnaz,46.19722,7.33807
627,Worb,46.930555555556,7.5644444444444
628,Zäziwil,46.9,7.6666666666667
6281,Baltschieder,46.37591,7.88059
6282,Eisten,46.2,7.9
6283,Embd,46.216666666667,7.8166666666667
6285,Grächen,46.166666666667,7.8166666666667
6285,Grächen,46.19671,7.84884
6286,Lalden,46.283333333333,7.9
6287,Randa,46.1,7.7833333333333
6288,Saas-Almagell,46.094497222222,7.9573527777778
6289,Saas-Balen,46.133333333333,7.9166666666667
629,Oberhünigen,46.879444444444,7.6583333333333
6290,Saas-Fee,46.109722222222,7.9291666666667
6291,Saas-Grund,46.116666666667,7.9333333333333
6292,St. Niklaus,46.183333333333,7.8
6293,Stalden,46.233333333333,7.8666666666667
6294,Staldenried,46.21761,7.91015
6294,Staldenried,46.216666666667,7.8666666666667
6295,Täsch,46.05405,7.81117
6295,Täsch,46.066666666667,7.7666666666667
6296,Törbel,46.2382,7.8514
6297,Visp,46.292222222222,7.8827777777778
6297,Visp,46.292222222222,7.8827777777778
6298,Visperterminen,46.25,7.9
6299,Zeneggen,46.266666666667,7.8333333333333
63,Lufingen,47.489722222222,8.5941666666667
630,Allmendingen bei Bern,46.916666666667,7.5166666666667
6300,Zermatt,46.0193,7.7461
6300,Zermatt,46.0193,7.7461
632,Wichtrach,46.842777777778,7.5763888888889
64,Nürensdorf,47.446666666667,8.6486111111111
6404,Boudry,46.95,6.8333333333333
6408,Cortaillod,46.94399,6.84793
6413,Rochefort,46.983333333333,6.8166666666667
6416,Milvignes,46.966666666667,6.8666666666667
6417,La Grande Béroche,46.90675,6.7633055555556
6421,La Chaux-de-Fonds,47.099627777778,6.8295583333333
6421,La Chaux-de-Fonds,47.099627777778,6.8295583333333
6422,Les Planchettes,47.10821,6.77138
6423,La Sagne,47.0388,6.7988
6432,La Brévine,46.983333333333,6.6
6433,Brot-Plamboz,46.966666666667,6.7333333333333
6433,Brot-Plamboz,46.98481,6.75321
6434,Le Cerneux-Péquignot,47.016666666667,6.6666666666667
6435,La Chaux-du-Milieu,47.016666666667,6.7
6436,Le Locle,47.05317,6.74816
6436,Le Locle,47.05317,6.74816
6437,Les Ponts-de-Martel,46.99684,6.72664
6451,Cornaux,47.038740555556,7.0199461111111
6452,Cressier,47.0508,7.0356
6453,Enges,47.066666666667,7.0166666666667
6454,Hauterive,47.016666666667,6.9666666666667
6455,Le Landeron,47.0554,7.0691
6456,Lignières,47.083333333333,7.0666666666667
6458,Neuchâtel,46.990277777778,6.9305555555556
6458,Neuchâtel,46.990277777778,6.9305555555556
6459,Saint-Blaise,47.0131,6.9864
6461,La Tène,47.011111111111,7.0055555555556
6487,Val-de-Ruz,47.061947777778,6.9118311111111
65,Oberembrach,47.4875,8.6183333333333
6504,La Côte-aux-Fées,46.866666666667,6.4833333333333
6511,Les Verrières,46.9,6.4833333333333
6512,Val-de-Travers,46.9,6.6
6513,Laténa,47.011111111111,7.0055555555556
66,Opfikon,47.433055555556,8.5719444444444
66,Opfikon,47.433055555556,8.5719444444444
6601,Aire-la-Ville,46.19022,6.04226
6602,Anières,46.266666666667,6.2166666666667
6603,Avully,46.16747,5.9985
6604,Avusy,46.15,5.9833333333333
6605,Bardonnex,46.133333333333,6.1
6606,Bellevue,46.25,6.15
6607,Bernex,46.17845,6.0684
6608,Carouge,46.18166,6.14037
6608,Carouge,46.18166,6.14037
6609,Cartigny,46.174,6.021
6610,Céligny,46.35,6.2
6611,Chancy,46.1476,5.97891
6612,Chêne-Bougeries,46.183333333333,6.1833333333333
6612,Chêne-Bougeries,46.183333333333,6.1833333333333
6613,Chêne-Bourg,46.19737,6.19704
6614,Choulex,46.22625,6.22384
6615,Collex-Bossy,46.266666666667,6.1166666666667
6616,Collonge-Bellerive,46.25,6.2
6617,Cologny,46.216666666667,6.1833333333333
6618,Confignon,46.183354,6.083323
6619,Corsier,46.26213,6.2283
662,Ferenbalm,46.94868,7.21146
6620,Dardagny,46.1952,5.9946
6621,Geneva,46.2,6.15
6621,Geneva,46.2,6.15
6622,Genthod,46.266666666667,6.15
6623,Le Grand-Saconnex,46.233333333333,6.1166666666667
6623,Le Grand-Saconnex,46.233333333333,6.1166666666667
6624,Gy,46.25,6.25
6625,Hermance,46.29355,6.24472
6626,Jussy,46.23712,6.27913
6627,Laconnex,46.1589,6.03404
6628,Lancy,46.18969,6.11578
6628,Lancy,46.18969,6.11578
6629,Meinier,46.243,6.23511
663,Frauenkappelen,46.95535,7.33342
6630,Meyrin,46.23222,6.07911
6630,Meyrin,46.23222,6.07911
6631,Onex,46.183333333333,6.1
6632,Perly-Certoux,46.1565,6.0913
6633,Plan-les-Ouates,46.166666666667,6.1166666666667
6633,Plan-les-Ouates,46.166666666667,6.1166666666667
6634,Pregny-Chambésy,46.242138888889,6.1434722222222
6635,Presinge,46.2190839,6.2550748
6636,Puplinge,46.21081,6.23218
6637,Russin,46.19387,6.01397
6638,Satigny,46.21406,6.03683
6639,Soral,46.1434,6.0427
6640,Thônex,46.2,6.2166666666667
6640,Thônex,46.2,6.2166666666667
6641,Troinex,46.16313,6.14745
6642,Vandœuvres,46.216666666667,6.2
6643,Vernier,46.2,6.1
6643,Vernier,46.2,6.1
6644,Versoix,46.283333333333,6.1666666666667
6644,Versoix,46.283333333333,6.1666666666667
6645,Veyrier,46.166666666667,6.1833333333333
665,Gurbrü,46.95,7.2
666,Kriechenwil,46.91118,7.21592
667,Laupen,46.9,7.2330555555556
668,Mühleberg,46.949722222222,7.2666666666667
669,Münchenwiler,46.913055555556,7.1252777777778
67,Rafz,47.612222222222,8.5408333333333
670,Neuenegg,46.9,7.2997222222222
6702,Boécourt,47.35,7.2166666666667
6703,Bourrignon,47.4,7.25
6704,Châtillon,47.32911,7.34187
6705,Corban,47.35,7.4666666666667
6706,Courchapoix,47.35,7.45
6708,Courrendlin,47.333333333333,7.3666666666667
6709,Courroux,47.366666666667,7.3666666666667
671,Wileroltigen,46.97209,7.23849
6710,Courtételle,47.33094,7.31764
6711,Delémont,47.365277777778,7.3472222222222
6711,Delémont,47.365277777778,7.3472222222222
6712,Develier,47.35,7.2833333333333
6713,Ederswiler,47.416666666667,7.3333333333333
6715,Mervelier,47.35,7.4833333333333
6716,Mettembert,47.4,7.3166666666667
6718,Movelier,47.416666666667,7.3
6719,Pleigne,47.407277777778,7.2898055555556
6721,Rossemaison,47.35,7.35
6722,Saulcy,47.3,7.15
6724,Soyhières,47.4,7.3666666666667
6729,Haute-Sorne,47.338894444444,7.2458388888889
6730,Val Terbi,47.349998,7.411123
6741,Le Bémont,47.266666666667,7.0166666666667
6742,Les Bois,47.183333333333,6.9
6743,Les Breuleux,47.20518,7.00254
6745,Les Enfers,47.2885,7.0471
6748,Les Genevez,47.25,7.1333333333333
6750,Lajoux,47.280558333333,7.1375111111111
6751,Montfaucon,47.281388888889,7.0505555555556
6751,Montfaucon,47.283333333333,7.05
6752,Montfavergier,47.316666666667,7.0833333333333
6753,Muriaux,47.25,6.9833333333333
6754,Le Noirmont,47.21366,6.94411
6757,Saignelégier,47.25,7.0
6758,Saint-Brais,47.3,7.1166666666667
6759,Soubey,47.31014,7.04054
6771,Alle,47.4257,7.1291
6773,Beurnevésin,47.483333333333,7.1333333333333
6774,Boncourt,47.5,7.0166666666667
6775,Bonfol,47.4767,7.1521
6778,Bure,47.43838,6.99693
6781,Coeuve,47.4542,7.0975
6782,Cornol,47.4,7.1666666666667
6783,Courchavon,47.433333333333,7.05
6784,Courgenay,47.4,7.1333333333333
6785,Courtedoux,47.41289,7.028
6789,Fahy,47.416666666667,6.95
6790,Fontenais,47.4,7.0833333333333
6792,Grandfontaine,47.383333333333,6.9333333333333
6797,Montmelon,47.35,7.1833333333333
68,Rorbas,47.53414,8.56841
6800,Porrentruy,47.416666666667,7.0833333333333
6803,Rocourt,47.3894,6.9557
6806,Vendlincourt,47.45,7.15
6807,Basse-Allaine,47.45,7.0333333333333
6808,Clos du Doubs,47.35,7.15
6809,Haute-Ajoie,47.383333333333,7.0
681,Belprahon,47.285833333333,7.4069444444444
6810,La Baroche,47.416666666667,7.1666666666667
6811,Damphreux-Lugnez,47.484722222222,7.0986111111111
6812,Basse-Vendline,47.486848,7.141384
683,Champoz,47.258333333333,7.3
6831,Moutier,47.280277777778,7.3708333333333
687,Corcelles,47.286111111111,7.4541666666667
69,Wallisellen,47.41499,8.59672
69,Wallisellen,47.412222222222,8.5922222222222
69,Wallisellen,47.41499,8.59672
69,Wallisellen,47.412222222222,8.5922222222222
690,Court,47.240277777778,7.3375
691,Crémines,47.283333333333,7.4416666666667
692,Eschert,47.276388888889,7.4
694,Grandval,47.284444444444,7.4263888888889
696,Loveresse,47.243055555556,7.2375
7,Knonau,47.224722222222,8.4613888888889
70,Wasterkingen,47.591666666667,8.4741666666667
701,Perrefitte,47.276111111111,7.3416666666667
703,Reconvilier,47.236111111111,7.2222222222222
704,Roches,47.3025,7.3833333333333
706,Saicourt,47.244166666667,7.2069444444444
707,Saules,47.245833333333,7.2194444444444
708,Schelten,47.33072,7.55071
709,Seehof,47.306944444444,7.5166666666667
71,Wil,47.605833333333,8.5075
711,Sorvilier,47.240277777778,7.3055555555556
713,Tavannes,47.220833333333,7.2013888888889
715,Rebévelier,47.293055555556,7.1930722222222
716,Petit-Val,47.275556,7.216677
717,Valbirse,47.238887,7.270845
72,Winkel,47.492222222222,8.5538888888889
723,La Neuveville,47.065277777778,7.0944444444444
724,Nods,47.115277777778,7.0819444444444
726,Plateau de Diesse,47.105555555556,7.1277777777778
731,Aegerten,47.116388888889,7.2833333333333
732,Bellmund,47.10287,7.24318
733,Brügg,47.126388888889,7.2816666666667
734,Bühl,47.066388888889,7.25
735,Epsach,47.07041,7.2201
736,Hagneck,47.056111111111,7.1852777777778
737,Hermrigen,47.08143,7.24078
738,Jens,47.1,7.2666666666667
739,Ipsach,47.116666666667,7.2333333333333
740,Ligerz,47.083333333333,7.1333333333333
741,Merzligen,47.083333333333,7.25
742,Mörigen,47.085,7.2133333333333
743,Nidau,47.125555555556,7.2402777777778
744,Orpund,47.138888888889,7.3063888888889
745,Port,47.116666666667,7.25
746,Safnern,47.149722222222,7.3227777777778
747,Scheuren,47.133333333333,7.3166666666667
748,Schwadernau,47.128888888889,7.3052777777778
749,Studen,47.11256,7.30281
750,Sutz-Lattrigen,47.1,7.2166666666667
751,Täuffelen,47.066666666667,7.2
754,Walperswil,47.066388888889,7.2333333333333
755,Worben,47.10071,7.29652
756,Twann-Tüscherz,47.1,7.1833333333333
761,Därstetten,46.67202,7.48831
762,Diemtigen,46.6494,7.5651
763,Erlenbach im Simmental,46.6608,7.5529
766,Oberwil im Simmental,46.649722222222,7.4333333333333
767,Reutigen,46.694166666667,7.62
768,Spiez,46.683055555556,7.6663888888889
768,Spiez,46.683055555556,7.6663888888889
769,Wimmis,46.6752,7.6376
770,Stocken-Höfen,46.722,7.563
782,Guttannen,46.649722222222,8.2833333333333
783,Hasliberg,46.738,8.205
784,Innertkirchen,46.699722222222,8.2333333333333
785,Meiringen,46.728333333333,8.1861111111111
786,Schattenhalb,46.716388888889,8.1830555555556
791,Boltigen,46.6291,7.3911
792,Lenk,46.449722222222,7.4330555555556
793,St. Stephan,46.5,7.3830555555556
794,Zweisimmen,46.549722222222,7.3663888888889
8,Maschwanden,47.235555555556,8.4277777777778
81,Bachs,47.524722222222,8.4391666666667
82,Boppelsen,47.471388888889,8.4033333333333
827,Montmelon,47.35,7.1833333333333
83,Buchs,47.458888888889,8.4377777777778
84,Dällikon,47.440555555556,8.4388888888889
841,Gsteig bei Gstaad,46.383333333333,7.2663888888889
842,Lauenen,46.416388888889,7.3163888888889
843,Saanen,46.483055555556,7.2663888888889
85,Dänikon,47.446944444444,8.4069444444444
852,Guggisberg,46.766388888889,7.3330555555556
853,Rüschegg,46.779722222222,7.3930555555556
855,Schwarzenburg,46.816666666667,7.3333333333333
86,Dielsdorf,47.483611111111,8.4541666666667
861,Belp,46.891388888889,7.4972222222222
863,Burgistein,46.79207,7.50323
866,Gerzensee,46.833333333333,7.55
867,Gurzelen,46.780555555556,7.5305555555556
868,Jaberg,46.817222222222,7.5705555555556
869,Kaufdorf,46.833055555556,7.4830555555556
87,Hüttikon,47.445833333333,8.3872222222222
870,Kehrsatz,46.909444444444,7.4708333333333
872,Kirchdorf,46.820277777778,7.5497222222222
877,Niedermuhlern,46.861388888889,7.4655555555556
879,Riggisberg,46.809444444444,7.4780555555556
88,Neerach,47.511666666667,8.4725
880,Rüeggisberg,46.8218,7.4394
883,Seftigen,46.786666666667,7.5408333333333
884,Toffen,46.85884,7.49239
885,Uttigen,46.793919444444,7.5763083333333
886,Wattenwil,46.77,7.5072222222222
888,Wald,46.8825,7.4716666666667
889,Thurnen,46.813882,7.507505
89,Niederglatt,47.492222222222,8.5033333333333
9,Mettmenstetten,47.244722222222,8.4644444444444
90,Niederhasli,47.482222222222,8.4861111111111
901,Eggiwil,46.87575,7.79567
902,Langnau im Emmental,46.943333333333,7.7852777777778
903,Lauperswil,46.966111111111,7.7416666666667
904,Röthenbach im Emmental,46.849722222222,7.7330555555556
905,Rüderswil,46.984444444444,7.7238888888889
906,Schangnau,46.81117,7.88341
907,Signau,46.921666666667,7.7266666666667
908,Trub,46.933055555556,7.8830555555556
909,Trubschachen,46.916388888889,7.85
91,Niederweningen,47.5075,8.3788888888889
92,Oberglatt,47.4775,8.52
921,Amsoldingen,46.7289,7.5873
922,Blumenstein,46.733055555556,7.5163888888889
923,Buchholterberg,46.816388888889,7.6833333333333
924,Eriz,46.78786,7.81174
925,Fahrni,46.7972,7.6704
927,Heiligenschwendi,46.75201,7.68229
928,Heimberg,46.783055555556,7.5997222222222
929,Hilterfingen,46.7432,7.65822
93,Oberweningen,47.503333333333,8.4077777777778
931,Homberg,46.766388888889,7.6666666666667
932,Horrenbach-Buchen,46.766388888889,7.7497222222222
934,Oberhofen am Thunersee,46.7298,7.66914
935,Oberlangenegg,46.783055555556,7.7163888888889
936,Pohlern,46.716666666667,7.5330555555556
938,Sigriswil,46.716388888889,7.7166666666667
939,Steffisburg,46.783055555556,7.6333333333333
939,Steffisburg,46.783055555556,7.6333333333333
94,Otelfingen,47.460833333333,8.3911111111111
940,Teuffenthal,46.76584,7.7126
941,Thierachern,46.75,7.5666666666667
942,Thun,46.759,7.63
942,Thun,46.759,7.63
943,Uebeschi,46.733055555556,7.5497222222222
944,Uetendorf,46.766388888889,7.5666666666667
945,Unterlangenegg,46.783055555556,7.7163888888889
946,Wachseldorn,46.8201,7.73712
948,Forst-Längenbühl,46.75,7.5163888888889
95,Regensberg,47.483888888889,8.4386111111111
951,Affoltern im Emmental,47.049722222222,7.7166666666667
952,Dürrenroth,47.0892,7.791
953,Eriswil,47.083055555556,7.85
954,Huttwil,47.116388888889,7.85
955,Lützelflüh,47.0091,7.6892
956,Rüegsau,47.016388888889,7.6830555555556
957,Sumiswald,47.027469444444,7.7452611111111
958,Trachselwald,47.016888888889,7.7378722222222
959,Walterswil,47.113888888889,7.7786111111111
96,Regensdorf,47.438333333333,8.4744444444444
96,Regensdorf,47.438333333333,8.4744444444444
960,Wyssachen,47.07402,7.8214
97,Rümlang,47.453333333333,8.5330555555556
971,Attiswil,47.247180555556,7.6135
972,Berken,47.226944444444,7.7105555555556
973,Bettenhausen,47.1725,7.7155555555556
975,Farnern,47.268055555556,7.6211111111111
976,Graben,47.2175,7.7211111111111
977,Heimenhausen,47.209722222222,7.7
979,Herzogenbuchsee,47.18838,7.70619
98,Schleinikon,47.497777777778,8.3988888888889
980,Inkwil,47.202777777778,7.67
981,Niederbipp,47.265833333333,7.6958333333333
982,Niederönz,47.183611111111,7.6894444444444
983,Oberbipp,47.261388888889,7.6591666666667
985,Ochlenberg,47.149166666667,7.7358333333333
987,Rumisberg,47.264166666667,7.6413888888889
988,Seeberg,47.155,7.6647222222222
989,Thörigen,47.173333333333,7.7280555555556
99,Schöfflisdorf,47.500833333333,8.4169444444444
990,Walliswil bei Niederbipp,47.253611111111,7.6897222222222
991,Walliswil bei Wangen,47.231111111111,7.685
992,Wangen an der Aare,47.2311,7.65018
995,Wiedlisbach,47.252,7.6467
